-- MySQL dump 10.13  Distrib 8.0.44, for Linux (x86_64)
--
-- Host: localhost    Database: conversation_history
-- ------------------------------------------------------
-- Server version	8.0.44

/*!40101 SET @OLD_CHARACTER_SET_CLIENT=@@CHARACTER_SET_CLIENT */;
/*!40101 SET @OLD_CHARACTER_SET_RESULTS=@@CHARACTER_SET_RESULTS */;
/*!40101 SET @OLD_COLLATION_CONNECTION=@@COLLATION_CONNECTION */;
/*!50503 SET NAMES utf8mb4 */;
/*!40103 SET @OLD_TIME_ZONE=@@TIME_ZONE */;
/*!40103 SET TIME_ZONE='+00:00' */;
/*!40014 SET @OLD_UNIQUE_CHECKS=@@UNIQUE_CHECKS, UNIQUE_CHECKS=0 */;
/*!40014 SET @OLD_FOREIGN_KEY_CHECKS=@@FOREIGN_KEY_CHECKS, FOREIGN_KEY_CHECKS=0 */;
/*!40101 SET @OLD_SQL_MODE=@@SQL_MODE, SQL_MODE='NO_AUTO_VALUE_ON_ZERO' */;
/*!40111 SET @OLD_SQL_NOTES=@@SQL_NOTES, SQL_NOTES=0 */;

--
-- Current Database: `conversation_history`
--

CREATE DATABASE /*!32312 IF NOT EXISTS*/ `conversation_history` /*!40100 DEFAULT CHARACTER SET utf8mb4 COLLATE utf8mb4_unicode_ci */ /*!80016 DEFAULT ENCRYPTION='N' */;

USE `conversation_history`;

--
-- Table structure for table `conversation`
--

DROP TABLE IF EXISTS `conversation`;
/*!40101 SET @saved_cs_client     = @@character_set_client */;
/*!50503 SET character_set_client = utf8mb4 */;
CREATE TABLE `conversation` (
  `conversation_id` varchar(64) COLLATE utf8mb4_unicode_ci NOT NULL COMMENT '会话ID',
  `user_id` varchar(64) COLLATE utf8mb4_unicode_ci NOT NULL COMMENT '用户ID',
  `user_device_id` varchar(64) COLLATE utf8mb4_unicode_ci DEFAULT NULL COMMENT '用户设备号',
  `conversation_name` varchar(64) COLLATE utf8mb4_unicode_ci DEFAULT NULL COMMENT '会话名称',
  `open_kfid` varchar(64) COLLATE utf8mb4_unicode_ci DEFAULT NULL COMMENT '微信客服的账号ID',
  `created_at` datetime DEFAULT CURRENT_TIMESTAMP COMMENT '创建时间',
  `updated_at` datetime DEFAULT CURRENT_TIMESTAMP COMMENT '最后对话时间',
  `comments` varchar(64) COLLATE utf8mb4_unicode_ci DEFAULT NULL COMMENT '备注',
  PRIMARY KEY (`conversation_id`),
  KEY `idx_updated_at` (`updated_at`),
  KEY `idx_user_id` (`conversation_id`),
  KEY `conversation_user_user_id_fk` (`user_id`),
  CONSTRAINT `conversation_user_user_id_fk` FOREIGN KEY (`user_id`) REFERENCES `user` (`user_id`) ON DELETE CASCADE ON UPDATE CASCADE
) ENGINE=InnoDB DEFAULT CHARSET=utf8mb4 COLLATE=utf8mb4_unicode_ci;
/*!40101 SET character_set_client = @saved_cs_client */;

--
-- Dumping data for table `conversation`
--

LOCK TABLES `conversation` WRITE;
/*!40000 ALTER TABLE `conversation` DISABLE KEYS */;
INSERT INTO `conversation` VALUES ('7582060265505701915','dxg_JrPl3QzsRtml2LyolSLtzw',NULL,'wmx_nIaAAA7wNZhwlhRddYqmkuul8mDw',NULL,'2025-12-10 11:06:38','2025-12-10 11:06:38',NULL),('7582522029040173066','dxg_JrPl3QzsRtml2LyolSLtzw',NULL,'wmx_nIaAAA7wNZhwlhRddYqmkuul8mDw',NULL,'2025-12-11 16:58:27','2025-12-11 16:58:27',NULL),('7582524973731266586','dxg_JrPl3QzsRtml2LyolSLtzw',NULL,'wmx_nIaAAA7wNZhwlhRddYqmkuul8mDw',NULL,'2025-12-11 17:09:54','2025-12-11 17:09:54',NULL),('7584275094509223974','dxg_JrPl3QzsRtml2LyolSLtzw',NULL,'wmx_nIaAAA7wNZhwlhRddYqmkuul8mDw',NULL,'2025-12-16 10:21:27','2025-12-16 10:21:27',NULL),('7584276797345726502','dxg_JrPl3QzsRtml2LyolSLtzw',NULL,'wmx_nIaAAA7wNZhwlhRddYqmkuul8mDw',NULL,'2025-12-16 10:27:54','2025-12-16 10:27:54',NULL),('7584291514958004251','dxg_JrPl3QzsRtml2LyolSLtzw',NULL,'wmx_nIaAAA7wNZhwlhRddYqmkuul8mDw',NULL,'2025-12-16 11:25:10','2025-12-16 11:25:10',NULL),('7584380297233104906','dxg_JrPl3QzsRtml2LyolSLtzw',NULL,'wmx_nIaAAA7wNZhwlhRddYqmkuul8mDw',NULL,'2025-12-16 17:09:31','2025-12-16 17:09:31',NULL),('7584381481486172203','dxg_JrPl3QzsRtml2LyolSLtzw',NULL,'wmx_nIaAAA7wNZhwlhRddYqmkuul8mDw',NULL,'2025-12-16 17:14:05','2025-12-16 17:14:05',NULL),('7584391311625584640','dxg_JrPl3QzsRtml2LyolSLtzw',NULL,'wmx_nIaAAA7wNZhwlhRddYqmkuul8mDw','wkx_nIaAAAFdIfU_btVBQP7viqS5TIFw','2025-12-16 17:52:06','2025-12-16 17:52:06',NULL),('7584392283933638682','dxg_JrPl3QzsRtml2LyolSLtzw',NULL,'wmx_nIaAAA7wNZhwlhRddYqmkuul8mDw','wkx_nIaAAASbMgsrcIlkMj-qJz6Ztcnw','2025-12-16 17:56:04','2025-12-16 17:56:04',NULL),('7584659717159387176','dxg_JrPl3QzsRtml2LyolSLtzw',NULL,'wmx_nIaAAA7wNZhwlhRddYqmkuul8mDw',NULL,'2025-12-17 11:13:39','2025-12-17 11:13:39',NULL),('7584661430026502163','dxg_JrPl3QzsRtml2LyolSLtzw',NULL,'wmx_nIaAAA7wNZhwlhRddYqmkuul8mDw','wkx_nIaAAASbMgsrcIlkMj-qJz6Ztcnw','2025-12-17 11:20:31','2025-12-17 11:20:31',NULL),('7584663950396014618','dxg_JrPl3QzsRtml2LyolSLtzw',NULL,'wmx_nIaAAA7wNZhwlhRddYqmkuul8mDw','wkx_nIaAAASbMgsrcIlkMj-qJz6Ztcnw','2025-12-17 11:30:21','2025-12-17 11:30:21',NULL),('7585100953574621199','dxg_iNBTEjf7Q7GRUc0aeO3egQ',NULL,'dxg_iNBTEjf7Q7GRUc0aeO3egQ',NULL,'2025-12-18 15:46:00','2025-12-18 15:46:00',NULL),('7585402297789071379','dxg_TzDMsCe7TgGDnGxXIhMD_w',NULL,'dxg_TzDMsCe7TgGDnGxXIhMD_w','wkx_nIaAAASbMgsrcIlkMj-qJz6Ztcnw','2025-12-19 11:15:25','2025-12-19 11:15:25',NULL),('7586873199389638675','dxg_iNBTEjf7Q7GRUc0aeO3egQ',NULL,'dxg_iNBTEjf7Q7GRUc0aeO3egQ','wkx_nIaAAAFdIfU_btVBQP7viqS5TIFw','2025-12-23 10:23:15','2025-12-23 10:23:15',NULL);
/*!40000 ALTER TABLE `conversation` ENABLE KEYS */;
UNLOCK TABLES;

--
-- Table structure for table `message_record`
--

DROP TABLE IF EXISTS `message_record`;
/*!40101 SET @saved_cs_client     = @@character_set_client */;
/*!50503 SET character_set_client = utf8mb4 */;
CREATE TABLE `message_record` (
  `id` bigint NOT NULL AUTO_INCREMENT COMMENT '聊天记录ID',
  `user_question` longtext COLLATE utf8mb4_unicode_ci NOT NULL COMMENT '用户问题',
  `bot_reply` longtext COLLATE utf8mb4_unicode_ci NOT NULL COMMENT '机器人回复',
  `user_id` varchar(64) COLLATE utf8mb4_unicode_ci NOT NULL COMMENT '用户ID',
  `user_device_id` varchar(64) COLLATE utf8mb4_unicode_ci DEFAULT NULL COMMENT '用户设备号',
  `conversation_id` varchar(64) COLLATE utf8mb4_unicode_ci NOT NULL COMMENT '会话ID',
  `comments` varchar(64) COLLATE utf8mb4_unicode_ci DEFAULT NULL COMMENT '备注',
  `sorting` bigint DEFAULT NULL COMMENT '排序',
  `created_time` datetime NOT NULL DEFAULT CURRENT_TIMESTAMP COMMENT '创建时间',
  PRIMARY KEY (`id`),
  KEY `idx_conversation_id` (`conversation_id`),
  KEY `idx_create_time` (`created_time`),
  KEY `idx_user_id` (`user_id`),
  CONSTRAINT `robot_message_record_conversation_conversation_id_fk` FOREIGN KEY (`conversation_id`) REFERENCES `conversation` (`conversation_id`) ON DELETE CASCADE ON UPDATE CASCADE
) ENGINE=InnoDB AUTO_INCREMENT=1443 DEFAULT CHARSET=utf8mb4 COLLATE=utf8mb4_unicode_ci;
/*!40101 SET character_set_client = @saved_cs_client */;

--
-- Dumping data for table `message_record`
--

LOCK TABLES `message_record` WRITE;
/*!40000 ALTER TABLE `message_record` DISABLE KEYS */;
INSERT INTO `message_record` VALUES (29,'你好','您好呀~ 小果在这儿呢 (✧ω✧) 您有什么关于随身wifi的问题（比如网络、流量、连接等）都可以告诉小果哦~ 另外看到您的设备当前剩余流量充足，但账户余额为0元，若需要订购新套餐可以留意下余额情况呀~','wmx_nIaAAA7wNZhwlhRddYqmkuul8mDw',NULL,'7582060265505701915',NULL,NULL,'2025-12-10 11:07:01'),(30,'你好','您好呀~ 小果又来啦 (✧ω✧) 看到您的设备目前状态很稳定呢：剩余流量2824.19G超充足，信号也是优级~ 不过账户余额为0元，要是后续需要订购新套餐记得留意下余额哦~ 另外您的中国移动网络已实名可正常使用，中国电信网络还未实名，若想切换使用电信网络可以完成实名操作哒~ 您还有其他问题（比如切换网络、实名步骤等）都可以告诉小果哦~','wmx_nIaAAA7wNZhwlhRddYqmkuul8mDw',NULL,'7582060265505701915',NULL,NULL,'2025-12-10 11:10:10'),(31,'你好','您好呀~ 小果在这儿呢 (✧ω✧) 您有什么关于随身wifi的问题（比如网络、流量、连接等）都可以告诉小果哦~ 另外看到您的设备当前剩余流量充足，但账户余额为0元，若需要订购新套餐可以留意下余额情况呀~','wmx_nIaAAA7wNZhwlhRddYqmkuul8mDw',NULL,'7582060265505701915',NULL,NULL,'2025-12-10 11:10:11'),(32,'怎么实名','您好呀~ 看到您的设备中国移动网络已实名，中国电信网络还未实名呢 (๑•̀ㅂ•́)و✧ 您可以这样操作实名中国电信网络哦：❶ 关注微信公众号【万物互联之电小果】；❷ 点击【自助交费】绑定设备号；❸ 找到【实名认证】选择中国电信，按提示完成身份证+人脸识别~ 视频教程更直观：http://jdwlwm2m.com/excel/introduceVideo/yemian/channel/usertutorial_app.html 有问题随时喊小果呀~','wmx_nIaAAA7wNZhwlhRddYqmkuul8mDw',NULL,'7582060265505701915',NULL,NULL,'2025-12-10 11:10:11'),(33,'怎么实名','您好呀~ 看到您的设备中国移动已实名，中国电信还未实名哦 (๑•̀ㅂ•́)و✧ 若要给中国电信实名，步骤超简单：①关注微信公众号【万物互联之电小果】；②点击【自助交费】绑定设备号；③找到【实名认证】选择中国电信，按提示完成身份证+人脸识别就好啦~ 视频教程更直观：http://jdwlwm2m.com/excel/introduceVideo/yemian/channel/usertutorial_app.html 有问题随时喊小果哦~','wmx_nIaAAA7wNZhwlhRddYqmkuul8mDw',NULL,'7582060265505701915',NULL,NULL,'2025-12-10 11:10:14'),(34,'怎么激活','您好呀~ 小果看到您的设备已经激活成功啦 (✧ω✧) 卡状态在线、实名也已完成，当前剩余流量充足哦~ 不过您的账户余额为0元，若要继续使用流量，建议您在微信公众号“万物互联之电小果”的【自助交费】页面进行余额充值或订购新套餐~ 操作步骤：打开公众号→点击【自助交费】→选择【充值流量】或【余额充值】即可~ 有其他问题随时喊小果哦~','wmx_nIaAAA7wNZhwlhRddYqmkuul8mDw',NULL,'7582060265505701915',NULL,NULL,'2025-12-10 11:10:15'),(35,'你好，请自我介绍一下','您好呀~ 我是电小果智能助手小果 (✧ω✧) 专门帮您解决随身wifi的各种问题（网络、流量、连接等都可以找我哦~）~ 看到您的设备状态超棒：剩余流量2824.18G超充足，信号优，不过账户余额为0元，若后续订购套餐记得留意余额呀~ 您还有其他问题随时喊我哦~','wmx_nIaAAA7wNZhwlhRddYqmkuul8mDw',NULL,'7582060265505701915',NULL,NULL,'2025-12-10 11:22:56'),(36,'云南可以使用吗？','您好呀~ 小果了解到云南属于限制使用地区，您的设备在云南可能无法正常上网哦 (๑•́ω•̀๑)。如果您有特殊需求，可以联系人工客服咨询具体解决方案~ 人工客服链接：https://work.weixin.qq.com/kfid/kfc43d56bc782d8e85a','wmx_nIaAAA7wNZhwlhRddYqmkuul8mDw',NULL,'7582060265505701915',NULL,NULL,'2025-12-10 11:26:31'),(37,'一直显示红灯','您好呀~ 小果理解您的困扰 (๑•́ω•̀๑) 设备红灯通常是网络连接异常导致的。您可以先尝试重启设备：长按开关键10秒关机，等待1分钟后再开机。若重启后仍亮红灯，可试试恢复出厂设置（开机状态下用卡针长按RESET孔5-10秒，关机10分钟后重启）。另外您的账户余额为0元，后续订购套餐记得留意哦~ 若问题仍在，可联系人工客服：https://work.weixin.qq.com/kfid/kfc43d56bc782d8e85a','wmx_nIaAAA7wNZhwlhRddYqmkuul8mDw',NULL,'7582060265505701915',NULL,NULL,'2025-12-10 11:33:47'),(38,'你好啊老铁','您好呀老铁~ 小果在这儿呢 (✧ω✧) 您的设备目前状态超稳：剩余流量2824.18G超充足，信号也是优级~ 不过账户余额为0元，要是后续需要订购新套餐记得留意下余额哦~ 您有任何关于随身wifi的问题（比如网络、流量、连接等）都可以随时告诉小果呀~','wmx_nIaAAA7wNZhwlhRddYqmkuul8mDw',NULL,'7582060265505701915',NULL,NULL,'2025-12-10 11:39:51'),(39,'我有问题','您好呀~ 小果在这儿呢 (✧ω✧) 您可以具体说说遇到的问题哦（比如网络、流量、连接等），小果会帮您解决哒~ 另外看到您的设备剩余流量2824.18G超充足，但账户余额为0元，若后续订购套餐记得留意余额哦~','wmx_nIaAAA7wNZhwlhRddYqmkuul8mDw',NULL,'7582060265505701915',NULL,NULL,'2025-12-10 11:43:13'),(40,'没有网络','您好呀~ 小果理解您没有网络的困扰 (๑•́ω•̀๑) 看到您的设备状态很稳定：剩余流量超充足、信号也是优级，不过设备连接数为0呢~ 您可以先检查下手机/电脑是否已连接设备WiFi，或者重启设备试试（长按开关键10秒关机，等待1分钟后开机）~ 另外您的账户余额为0元，若后续订购套餐记得留意哦~ 若问题仍在，可联系人工客服：https://work.weixin.qq.com/kfid/kfc43d56bc782d8e85a','wmx_nIaAAA7wNZhwlhRddYqmkuul8mDw',NULL,'7582060265505701915',NULL,NULL,'2025-12-10 13:34:39'),(41,'你好','您好呀~ 小果在这儿呢 (✧ω✧) 您之前反馈的网络问题解决了吗？看到设备当前剩余流量充足，但连接数为0，可能是未成功连接WiFi哦~ 您可以检查下设备是否开机，或重新搜索WiFi名称连接~ 另外账户余额为0元，若后续订购套餐记得留意哦~ 有其他问题随时告诉小果呀~','wmx_nIaAAA7wNZhwlhRddYqmkuul8mDw',NULL,'7582060265505701915',NULL,NULL,'2025-12-10 13:39:11'),(42,'你好啊','您好呀~ 小果在这儿呢 (✧ω✧) 您之前反馈的网络问题解决了吗？看到设备当前剩余流量超充足、信号也是优级，但连接数为0哦~ 您可以检查下设备是否开机，或重新搜索WiFi名称连接试试~ 另外账户余额为0元，若后续订购套餐记得留意哦~ 有其他问题随时告诉小果呀~','wmx_nIaAAA7wNZhwlhRddYqmkuul8mDw',NULL,'7582060265505701915',NULL,NULL,'2025-12-10 16:41:03'),(43,'服了啊','您好呀~ 小果感受到您的小情绪啦 (๑•̀ㅂ•́)و✧ 别着急哦，看到您的设备剩余流量超充足、信号也是优级，但连接数为0呢~ 您可以先检查下设备是否开机，或者重新搜索WiFi名称连接试试~ 另外账户余额为0元不影响当前使用，后续订购套餐记得留意就好啦~ 若还有问题，小果随时帮您~','wmx_nIaAAA7wNZhwlhRddYqmkuul8mDw',NULL,'7582060265505701915',NULL,NULL,'2025-12-10 16:48:28'),(44,'[收到图片消息，暂不支持处理。Media ID: 1n2mQXihOQ...]','您好呀~ 小果暂时还不能直接查看图片呢 (๑•́ω•̀๑) 您可以用文字描述下图片里的问题哦，比如设备状态、报错信息等，小果会立刻帮您分析哒~ 另外看到您的设备剩余流量超充足、信号也是优级，但连接数为0，要是设备没连上网可以检查下WiFi连接哦~','wmx_nIaAAA7wNZhwlhRddYqmkuul8mDw',NULL,'7582060265505701915',NULL,NULL,'2025-12-10 17:13:00'),(45,'[收到图片消息，暂不支持处理。Media ID: 1zbFT4MiKB...]','您好呀~ 小果暂时无法直接查看图片呢 (๑•̀ㅂ•́)و✧ 您可以用文字描述下设备的情况哦~ 另外看到您的设备当前连接数为0，剩余流量充足但还没连接设备，您可以检查下是否已开机并连接WiFi，或重启设备试试~ 有其他问题随时告诉小果呀~','wmx_nIaAAA7wNZhwlhRddYqmkuul8mDw',NULL,'7582060265505701915',NULL,NULL,'2025-12-10 17:13:02'),(46,'[收到图片消息，暂不支持处理。Media ID: 1UqkQH8bku...]','您好呀~ 小果暂时无法直接查看图片呢 (๑•́ω•̀๑) 您可以用文字描述下图片里的内容吗？比如设备的状态、遇到的问题等~ 另外看到您的设备剩余流量充足、信号优，但连接数为0，您可以先试试重启设备（长按开关键10秒关机，等1分钟再开机），或检查下是否搜索到WiFi并正确输入密码哦~ 有其他问题随时告诉小果呀~','wmx_nIaAAA7wNZhwlhRddYqmkuul8mDw',NULL,'7582060265505701915',NULL,NULL,'2025-12-10 17:13:05'),(47,'[收到图片消息，暂不支持处理。Media ID: 1Aa38DbkKM...]','您好呀~ 小果暂时无法识别图片内容呢 (๑•̀ㅂ•́)و✧ 您可以用文字描述下遇到的问题哦~ 另外看到您的设备剩余流量超充足、信号也是优级，但连接数为0呢~ 您可以先检查下设备是否开机，或重新搜索WiFi名称连接试试~ 有其他问题随时告诉小果呀~','wmx_nIaAAA7wNZhwlhRddYqmkuul8mDw',NULL,'7582060265505701915',NULL,NULL,'2025-12-10 17:13:05'),(48,'你好','您好呀~ 小果在这儿呢 (✧ω✧) 您之前反馈的网络问题解决了吗？看到设备当前剩余流量充足，但连接数还是0哦~ 您可以检查下设备是否开机，或重新搜索WiFi名称连接试试~ 另外账户余额为0元，若后续订购套餐记得留意哦~ 有其他问题随时告诉小果呀~','wmx_nIaAAA7wNZhwlhRddYqmkuul8mDw',NULL,'7582060265505701915',NULL,NULL,'2025-12-10 17:41:17'),(49,'？？？','您好呀~ 小果在这儿呢 (✧ω✧) 看到您输入了“？？？”，是不是还有没解决的问题呀？您可以具体说说哦（比如网络、连接等）~ 另外看到您的设备剩余流量超充足、信号优，但连接数为0呢~ 您可以检查下设备是否开机，或重新搜索WiFi名称连接试试~ 账户余额为0元，后续订购套餐记得留意哦~ 有问题随时告诉小果呀~','wmx_nIaAAA7wNZhwlhRddYqmkuul8mDw',NULL,'7582060265505701915',NULL,NULL,'2025-12-11 09:12:19'),(50,'网络卡顿','您好呀~ 小果理解您网络卡顿的困扰 (๑•́ω•̀๑) 看到您的设备连接数为0，可能是未成功连接WiFi哦~ 您可以先检查设备是否开机，重启设备试试（长按开关键10秒关机，等待1分钟后开机），然后搜索设备WiFi名称（默认MIFI-设备号后四位），输入默认密码12345678重新连接~ 若问题仍在，可联系人工客服：https://work.weixin.qq.com/kfid/kfc43d56bc782d8e85a','wmx_nIaAAA7wNZhwlhRddYqmkuul8mDw',NULL,'7582060265505701915',NULL,NULL,'2025-12-11 09:12:37'),(51,'怎么激活','您好呀~ 小果感受到您的急切啦 (๑•̀ㅂ•́)و✧ 看到您的设备已激活（卡状态在线、已实名），剩余流量超充足、信号优~ 连接数为0可能是未连WiFi哦~ 您可以检查设备是否开机，搜索WiFi名称（默认MIFI-698，设备号后四位），输入初始密码12345678连接~ 另外账户余额0元，后续订购套餐记得留意哦~ 有问题随时喊小果呀~','wmx_nIaAAA7wNZhwlhRddYqmkuul8mDw',NULL,'7582060265505701915',NULL,NULL,'2025-12-11 09:15:07'),(52,'一直红灯','您好呀~ 小果理解您的困扰 (๑•́ω•̀๑) 设备一直红灯通常是网络连接异常导致的哦~ 您可以先试试重启设备：长按开关键10秒关机，等1分钟再开机~ 要是重启后还是红灯，可尝试恢复出厂设置（开机状态下用卡针长按RESET孔5-10秒，关机10分钟后重启）~ 另外您的账户余额为0元，后续订购套餐记得留意哦~ 若问题仍在，可联系人工客服：https://work.weixin.qq.com/kfid/kfc43d56bc782d8e85a','wmx_nIaAAA7wNZhwlhRddYqmkuul8mDw',NULL,'7582060265505701915',NULL,NULL,'2025-12-11 09:27:56'),(53,'http://115.190.0.255:8000/static/images/AZE4h63peAi2nw3XJwQWwq8NfA.jpg','您好呀~ 小果暂时无法直接查看图片呢 (๑•́ω•̀๑) 您可以用文字描述下图片里的问题哦~ 另外看到您的设备剩余流量超充足、信号优，但连接数为0呢~ 您可以先检查下设备是否开机，或重新搜索WiFi名称（默认MIFI-698）连接试试~ 账户余额0元不影响当前使用，后续订购套餐记得留意哦~ 有问题随时告诉小果呀~','wmx_nIaAAA7wNZhwlhRddYqmkuul8mDw',NULL,'7582060265505701915',NULL,NULL,'2025-12-11 09:28:31'),(54,'没有网络','您好呀~ 小果理解您没有网络的困扰 (๑•́ω•̀๑) 看到您的设备剩余流量超充足、信号也是优级，但连接数为0呢~ 您可以先检查下设备是否开机，或重新搜索WiFi名称（默认MIFI-698，设备号后四位），输入初始密码12345678连接试试~ 要是还是没网，可尝试重启设备（长按开关键10秒关机，等1分钟再开机）~ 另外账户余额0元不影响当前使用，后续订购套餐记得留意哦~ 若问题仍在，可联系人工客服：https://work.weixin.qq.com/kfid/kfc43d56bc782d8e85a','wmx_nIaAAA7wNZhwlhRddYqmkuul8mDw',NULL,'7582060265505701915',NULL,NULL,'2025-12-11 09:39:34'),(55,'？？？','您好呀~ 小果在这儿呢 (✧ω✧) 看到您输入了“？？？”，是不是连接WiFi时遇到问题啦？您可以先检查设备是否开机，然后搜索WiFi名称（默认MIFI-698，设备号后四位），输入初始密码12345678试试~ 设备剩余流量超充足、信号优，连接上就能用啦~ 账户余额0元不影响当前使用哦~ 有问题随时喊小果呀~','wmx_nIaAAA7wNZhwlhRddYqmkuul8mDw',NULL,'7582060265505701915',NULL,NULL,'2025-12-11 09:46:41'),(56,'流量没用完会退钱吗','您好呀~ 小果理解您的疑问 (๑•́ω•̀๑) 关于流量未用完是否退钱的问题，小果暂时无法直接解答哦~ 您可以联系人工客服咨询具体政策~ 人工客服链接：https://work.weixin.qq.com/kfid/kfc43d56bc782d8e85a','wmx_nIaAAA7wNZhwlhRddYqmkuul8mDw',NULL,'7582060265505701915',NULL,NULL,'2025-12-11 09:50:55'),(57,'这样啊','您好呀~ 小果感受到您的反馈啦 (๑•̀ㅂ•́)و✧ 看到设备剩余流量超充足、信号优，但连接数还是0哦~ 您可以再检查下设备是否开机，搜索WiFi名称（默认MIFI-698）输入初始密码12345678连接试试~ 账户余额0元不影响当前使用，后续订购套餐记得留意哦~ 有其他问题随时喊小果呀~','wmx_nIaAAA7wNZhwlhRddYqmkuul8mDw',NULL,'7582060265505701915',NULL,NULL,'2025-12-11 10:02:55'),(58,'你好','您好呀~ 小果在这儿呢 (✧ω✧) 看到您的设备剩余流量超充足、信号优，但连接数还是0哦~ 您可以再检查下设备是否开机，搜索WiFi名称（默认MIFI-698）输入初始密码12345678连接试试~ 账户余额0元不影响当前使用，后续订购套餐记得留意哦~ 有其他问题随时喊小果呀~','wmx_nIaAAA7wNZhwlhRddYqmkuul8mDw',NULL,'7582060265505701915',NULL,NULL,'2025-12-11 10:02:57'),(59,'你好，请自我介绍一下','您好呀~ 我是电小果智能助手小果 (✧ω✧) 专门帮您解决随身wifi的各种问题（网络、流量、连接等都可以找我哦~）~ 看到您的设备目前状态很稳定呢：剩余流量2999.81G超充足，信号也是优级~ 不过设备连接数为0，您可以检查下是否已开机并连接WiFi哦~ 另外账户余额为0元，若后续需要订购新套餐记得留意下余额情况呀~ 您还有其他问题随时告诉小果哦~','wmx_nIaAAA7wNZhwlhRddYqmkuul8mDw',NULL,'7582060265505701915',NULL,NULL,'2025-12-11 10:03:56'),(60,'怎么实名','您好呀~ 小果看到您的设备中国移动已实名，中国电信还未实名哦 (๑•̀ㅂ•́)و✧ 若要给中国电信实名，步骤超简单：①关注微信公众号【万物互联之电小果】；②点击【自助交费】绑定设备号；③找到【实名认证】选择中国电信，按提示完成身份证+人脸识别就好啦~ 视频教程更直观：http://jdwlwm2m.com/excel/introduceVideo/yemian/channel/usertutorial_app.html 有问题随时喊小果哦~','wmx_nIaAAA7wNZhwlhRddYqmkuul8mDw',NULL,'7582060265505701915',NULL,NULL,'2025-12-11 10:04:56'),(61,'http://115.190.0.255:8000/static/images/3Acb3HDU7rNHPbRxRnKRBQjPT.jpg','您好呀~ 小果暂时无法直接查看图片呢 (๑•́ω•̀๑) 您可以用文字描述下图片里的问题哦~ 另外看到您的设备剩余流量超充足、信号优，但连接数为0呢~ 您可以先检查下设备是否开机，或重新搜索WiFi名称（默认MIFI-698）输入初始密码12345678连接试试~ 账户余额0元不影响当前使用，后续订购套餐记得留意哦~ 有问题随时告诉小果呀~','wmx_nIaAAA7wNZhwlhRddYqmkuul8mDw',NULL,'7582060265505701915',NULL,NULL,'2025-12-11 10:09:04'),(62,'http://115.190.0.255:8000/static/images/35kFB3rUEre4C9AABhAxjzuWf.jpg','您好呀~ 小果暂时无法直接查看图片呢 (๑•́ω•̀๑) 您可以用文字描述下图片里的问题哦~ 另外看到您的设备剩余流量超充足、信号优，但连接数为0呢~ 您可以先检查下设备是否开机，或重新搜索WiFi名称（默认MIFI-698）输入初始密码12345678连接试试~ 账户余额0元不影响当前使用，后续订购套餐记得留意哦~ 有问题随时告诉小果呀~','wmx_nIaAAA7wNZhwlhRddYqmkuul8mDw',NULL,'7582060265505701915',NULL,NULL,'2025-12-11 10:17:12'),(63,'https://dxgrobot.com/static/images/AjtFD8m7ha6BcFfCtDFpyRi5cE.jpg','您好呀~ 小果暂时无法直接查看图片呢 (๑•́ω•̀๑) 您可以用文字描述下图片里的问题哦~ 另外看到您的设备剩余流量超充足、信号优，但连接数为0呢~ 您可以先检查下设备是否开机，或重新搜索WiFi名称（默认MIFI-698）输入初始密码12345678连接试试~ 账户余额0元不影响当前使用，后续订购套餐记得留意哦~ 有问题随时告诉小果呀~','wmx_nIaAAA7wNZhwlhRddYqmkuul8mDw',NULL,'7582060265505701915',NULL,NULL,'2025-12-11 10:22:50'),(64,'https://dxgrobot.com/static/images/BHnGb4aG1fZSJheUrAkUM8tSGZ.jpg','您好呀~ 小果暂时无法直接查看图片呢 (๑•́ω•̀๑) 您可以用文字描述下图片里的问题哦~ 另外看到您的设备剩余流量超充足、信号优，但连接数为0呢~ 您可以先检查下设备是否开机，或重新搜索WiFi名称（默认MIFI-698）输入初始密码12345678连接试试~ 账户余额0元不影响当前使用，后续订购套餐记得留意哦~ 有问题随时告诉小果呀~','wmx_nIaAAA7wNZhwlhRddYqmkuul8mDw',NULL,'7582060265505701915',NULL,NULL,'2025-12-11 10:31:22'),(65,'https://dxgrobot.com/static/images/B7HdqWtTi9tVwk8GkzQkRsaoha.jpg','您好呀~ 小果暂时无法直接查看图片呢 (๑•́ω•̀๑) 您可以用文字描述下图片里的问题哦~ 另外看到您的设备剩余流量超充足、信号优，但连接数为0呢~ 您可以先检查下设备是否开机，或重新搜索WiFi名称（默认MIFI-698）输入初始密码12345678连接试试~ 账户余额0元不影响当前使用，后续订购套餐记得留意哦~ 有问题随时告诉小果呀~','wmx_nIaAAA7wNZhwlhRddYqmkuul8mDw',NULL,'7582060265505701915',NULL,NULL,'2025-12-11 10:32:08'),(66,'https://dxgrobot.com/static/images/BHnGb4aG1fZSJheUrAkUM8tSGZ.jpg','您好呀~ 小果暂时无法直接查看图片呢 (๑•́ω•̀๑) 您可以用文字描述下图片里的问题哦~ 另外看到您的设备剩余流量超充足、信号优，但连接数为0呢~ 您可以先检查下设备是否开机，或重新搜索WiFi名称（默认MIFI-698）输入初始密码12345678连接试试~ 账户余额0元不影响当前使用，后续订购套餐记得留意哦~ 有问题随时告诉小果呀~','wmx_nIaAAA7wNZhwlhRddYqmkuul8mDw',NULL,'7582060265505701915',NULL,NULL,'2025-12-11 10:50:18'),(67,'https://dxgrobot.com/static/images/BHnGb4aG1fZSJheUrAkUM8tSGZ.jpg','您好呀~ 小果看到您的设备背面信息啦 (๑•̀ㅂ•́)و✧ 您的WiFi名称是CPE-634698-5G（5G频段）和CPE-634698-2.4G（2.4G频段），密码都是12345678哦~ 设备目前在线、流量充足、信号优，但还没连接设备呢~ 您可以检查下设备是否开机，然后搜索对应的WiFi名称输入密码连接试试~ 另外账户余额0元不影响当前使用，后续订购套餐记得留意哦~ 有问题随时喊小果呀~','wmx_nIaAAA7wNZhwlhRddYqmkuul8mDw',NULL,'7582060265505701915',NULL,NULL,'2025-12-11 10:56:07'),(68,'网络卡顿','您好呀~ 小果理解您网络卡顿的困扰 (๑•́ω•̀๑) 看到设备信号优、流量充足，但连接数还是0哦~ 您可以先检查设备是否开机，搜索WiFi名称（CPE-634698-5G/2.4G）输入密码12345678连接试试~ 若已连接，可重启设备（长按开关键10秒关机，等1分钟开机）或切换到中国电信网络（公众号【万物互联之电小果】→自助交费→切换运营商）~ 账户余额0元不影响当前使用，后续订购套餐记得留意哦~ 有问题随时喊小果呀~','wmx_nIaAAA7wNZhwlhRddYqmkuul8mDw',NULL,'7582060265505701915',NULL,NULL,'2025-12-11 10:58:54'),(69,'你好，自我介绍一下','您好呀~ 小果理解您网络卡顿的困扰 (๑•́ω•̀๑) 看到设备信号优、流量充足，但连接数还是0哦~ 您可以先检查设备是否开机，搜索WiFi名称（CPE-634698-5G/2.4G）输入密码12345678连接试试~ 若已连接，可重启设备（长按开关键10秒关机，等1分钟开机）或切换到中国电信网络（公众号【万物互联之电小果】→自助交费→切换运营商）~ 账户余额0元不影响当前使用，后续订购套餐记得留意哦~ 有问题随时喊小果呀~','wmx_nIaAAA7wNZhwlhRddYqmkuul8mDw',NULL,'7582060265505701915',NULL,NULL,'2025-12-11 10:59:53'),(70,'https://dxgrobot.com/static/images/AvdLEPLPekFHyi4nVcW3KDkpyn.jpg','您好呀~ 小果看到您的设备背面信息啦 (๑•̀ㅂ•́)و✧ 您的WiFi名称是CPE-634698-5G（5G频段）和CPE-634698-2.4G（2.4G频段），密码都是12345678哦~ 设备目前在线、流量充足、信号优，但还没连接设备呢~ 您可以检查下设备是否开机，然后搜索对应的WiFi名称输入密码连接试试~ 另外账户余额0元不影响当前使用，后续订购套餐记得留意哦~ 有问题随时喊小果呀~','wmx_nIaAAA7wNZhwlhRddYqmkuul8mDw',NULL,'7582060265505701915',NULL,NULL,'2025-12-11 11:00:35'),(71,'https://dxgrobot.com/static/images/AZBcyjAk6HERLSu5KeGcK6i6nU.jpg','您好呀~ 小果暂时无法直接查看图片呢 (๑•́ω•̀๑) 您可以用文字描述下图片里的问题哦~ 另外看到您的设备在线、流量超充足（剩余2999.80G）、信号优，但连接数还是0呢~ 您可以再检查下设备是否开机，然后搜索WiFi名称（CPE-634698-5G/2.4G）输入密码12345678连接试试~ 账户余额0元不影响当前使用，后续订购套餐记得留意哦~ 有问题随时喊小果呀~','wmx_nIaAAA7wNZhwlhRddYqmkuul8mDw',NULL,'7582060265505701915',NULL,NULL,'2025-12-11 11:03:36'),(72,'https://dxgrobot.com/static/images/AZBcyjAk6HERLSu5KeGcK6i6nU.jpg','您好呀~ 小果暂时无法直接查看图片呢 (๑•́ω•̀๑) 您可以用文字描述下图片里的问题哦~ 另外看到您的设备在线、流量超充足（剩余2999.80G）、信号优，但连接数还是0呢~ 您可以检查下设备是否开机，然后搜索WiFi名称（CPE-634698-5G/2.4G）输入密码12345678连接试试~ 账户余额0元不影响当前使用，后续订购套餐记得留意哦~ 有问题随时喊小果呀~','wmx_nIaAAA7wNZhwlhRddYqmkuul8mDw',NULL,'7582060265505701915',NULL,NULL,'2025-12-11 11:03:40'),(73,'https://dxgrobot.com/static/images/3LCWPNdFU78DyQbyJBWNQ8ywn.jpg','您好呀~ 小果暂时无法直接查看图片呢 (๑•́ω•̀๑) 您可以用文字描述下图片里的问题哦~ 另外看到您的设备在线、流量超充足（剩余2999.80G）、信号优，但连接数还是0呢~ 您可以再检查下设备是否开机，然后搜索WiFi名称（CPE-634698-5G/2.4G）输入密码12345678连接试试~ 账户余额0元不影响当前使用，后续订购套餐记得留意哦~ 有问题随时喊小果呀~','wmx_nIaAAA7wNZhwlhRddYqmkuul8mDw',NULL,'7582060265505701915',NULL,NULL,'2025-12-11 11:03:43'),(74,'https://dxgrobot.com/static/images/3LCWPNdFU78DyQbyJBWNQ8ywn.jpg','您好呀~ 小果暂时无法直接查看图片呢 (๑•́ω•̀๑) 您可以用文字描述下图片里的问题哦~ 另外看到您的设备在线、流量超充足（剩余2999.80G）、信号优，但连接数还是0呢~ 您可以再检查下设备是否开机，然后搜索WiFi名称（CPE-634698-5G/2.4G）输入密码12345678连接试试~ 账户余额0元不影响当前使用，后续订购套餐记得留意哦~ 有问题随时喊小果呀~','wmx_nIaAAA7wNZhwlhRddYqmkuul8mDw',NULL,'7582060265505701915',NULL,NULL,'2025-12-11 11:03:49'),(75,'在吗？','您好呀~ 小果在这儿呢 (✧ω✧) 看到您的设备在线、流量超充足（剩余2998.91G）、信号优，但连接数还是0哦~ 您可以检查下设备是否开机，然后搜索WiFi名称（CPE-634698-5G/2.4G）输入密码12345678连接试试~ 另外账户余额0元不影响当前使用，后续订购套餐记得留意哦~ 有问题随时喊小果呀~','wmx_nIaAAA7wNZhwlhRddYqmkuul8mDw',NULL,'7582060265505701915',NULL,NULL,'2025-12-11 14:23:25'),(76,'https://dxgrobot.com/static/images/ABwwv12ZxU9Wq96au8hrKRkTba.jpg','您好呀~ 小果暂时无法直接查看图片呢 (๑•́ω•̀๑) 您可以用文字描述下图片里的问题哦~ 另外看到您的设备在线、流量超充足（剩余2998.91G）、信号优，但连接数还是0呢~ 您可以再检查下设备是否开机，然后搜索WiFi名称（CPE-634698-5G/2.4G）输入密码12345678连接试试~ 账户余额0元不影响当前使用，后续订购套餐记得留意哦~ 有问题随时喊小果呀~','wmx_nIaAAA7wNZhwlhRddYqmkuul8mDw',NULL,'7582060265505701915',NULL,NULL,'2025-12-11 14:27:36'),(77,'你好啊','您好呀~ 小果在这儿呢 (✧ω✧) 看到您的设备在线、流量超充足（剩余2998.91G）、信号优，但连接数还是0哦~ 您可以检查下设备是否开机，然后搜索WiFi名称（CPE-634698-5G/2.4G）输入密码12345678连接试试~ 另外账户余额0元不影响当前使用，后续订购套餐记得留意哦~ 有问题随时喊小果呀~','wmx_nIaAAA7wNZhwlhRddYqmkuul8mDw',NULL,'7582060265505701915',NULL,NULL,'2025-12-11 14:34:20'),(78,'https://dxgrobot.com/static/images/BHzGbYejjbF38M3sU6bDwVukVq.jpg','您好呀~ 小果理解您可能还在为连接WiFi的问题烦恼呢 (๑•̀ㅂ•́)و✧ 看到您的设备状态超棒：在线、流量充足（剩余2998.91G）、信号优，但连接数还是0哦~ 您可以再检查下设备是否开机，然后搜索WiFi名称（CPE-634698-5G/2.4G），输入密码12345678试试~ 账户余额0元不影响当前使用，后续订购套餐记得留意哦~ 有问题随时喊小果呀~','wmx_nIaAAA7wNZhwlhRddYqmkuul8mDw',NULL,'7582060265505701915',NULL,NULL,'2025-12-11 14:57:11'),(79,'https://dxgrobot.com/static/images/BHzGbYejjbF38M3sU6bDwVukVq.jpg','您好呀~ 小果暂时无法直接查看图片呢 (๑•́ω•̀๑) 您可以用文字描述下图片里的问题哦~ 另外看到您的设备在线、流量超充足（剩余2998.91G）、信号优，但连接数还是0呢~ 您可以再检查下设备是否开机，然后搜索WiFi名称（CPE-634698-5G/2.4G）输入密码12345678连接试试~ 账户余额0元不影响当前使用，后续订购套餐记得留意哦~ 有问题随时喊小果呀~','wmx_nIaAAA7wNZhwlhRddYqmkuul8mDw',NULL,'7582060265505701915',NULL,NULL,'2025-12-11 14:57:15'),(80,'https://dxgrobot.com/static/images/BHzGbYejjbF38M3sU6bDwVukVq.jpg','您好呀~ 小果暂时无法直接查看图片呢 (๑•́ω•̀๑) 您可以用文字描述下图片里的问题哦~ 另外看到您的设备在线、流量超充足（剩余2998.91G）、信号优，但连接数还是0呢~ 您可以再检查下设备是否开机，然后搜索WiFi名称（CPE-634698-5G/2.4G）输入密码12345678连接试试~ 账户余额0元不影响当前使用，后续订购套餐记得留意哦~ 有问题随时喊小果呀~','wmx_nIaAAA7wNZhwlhRddYqmkuul8mDw',NULL,'7582060265505701915',NULL,NULL,'2025-12-11 14:57:16'),(81,'网络卡顿','您好呀~ 小果理解您网络卡顿的困扰 (๑•́ω•̀๑) 看到您的设备在线、流量超充足（剩余2998.74G）、信号也是优级，但设备连接数为0哦~ 您可以先检查下设备是否开机，然后搜索WiFi名称（CPE-634698-5G/2.4G），输入密码12345678连接试试~ 要是已经连接上，可尝试重启设备（长按开关键10秒关机，等1分钟再开机）或切换到中国电信网络（需先完成实名：微信公众号【万物互联之电小果】→自助交费→实名认证）~ 账户余额0元不影响当前使用，后续订购套餐记得留意哦~ 有问题随时喊小果呀~','wmx_nIaAAA7wNZhwlhRddYqmkuul8mDw',NULL,'7582060265505701915',NULL,NULL,'2025-12-11 14:59:53'),(82,'https://dxgrobot.com/static/images/B77wtTjhUFNJfvE9b57UkViq8T.jpg','您好呀~ 小果理解您可能还在为连接WiFi的问题烦恼呢 (๑•̀ㅂ•́)و✧ 看到设备在线、流量充足、信号优，但连接数还是0哦~ 您可以再检查下设备是否开机，然后搜索WiFi名称（CPE-634698-5G/2.4G）输入密码12345678连接试试~ 若已连接，可重启设备（长按开关键10秒关机，等1分钟开机）或切换到中国电信网络（需先实名：微信公众号【万物互联之电小果】→自助交费→实名认证）~ 账户余额0元不影响当前使用，后续订购套餐记得留意哦~ 有问题随时喊小果呀~','wmx_nIaAAA7wNZhwlhRddYqmkuul8mDw',NULL,'7582060265505701915',NULL,NULL,'2025-12-11 15:00:44'),(83,'https://dxgrobot.com/static/images/B77wtTjhUFNJfvE9b57UkViq8T.jpg','您好呀~ 小果暂时无法直接查看图片呢 (๑•́ω•̀๑) 您可以用文字描述下图片里的问题哦~ 另外看到您的设备在线、流量超充足（剩余2998.74G）、信号优，但连接数还是0呢~ 您可以再检查下设备是否开机，然后搜索WiFi名称（CPE-634698-5G/2.4G）输入密码12345678连接试试~ 要是已经连接上，可尝试重启设备（长按开关键10秒关机，等1分钟再开机）或切换到中国电信网络（需先实名：公众号【万物互联之电小果】→自助交费→实名认证）~ 账户余额0元不影响当前使用，后续订购套餐记得留意哦~ 有问题随时喊小果呀~','wmx_nIaAAA7wNZhwlhRddYqmkuul8mDw',NULL,'7582060265505701915',NULL,NULL,'2025-12-11 15:00:48'),(84,'https://dxgrobot.com/static/images/B77wtTjhUFNJfvE9b57UkViq8T.jpg','您好呀~ 小果暂时无法直接查看图片呢 (๑•́ω•̀๑) 您可以用文字描述下图片里的问题哦~ 另外看到您的设备在线、流量超充足（剩余2998.74G）、信号优，但连接数还是0呢~ 您可以再检查下设备是否开机，然后搜索WiFi名称（CPE-634698-5G/2.4G）输入密码12345678连接试试~ 账户余额0元不影响当前使用，后续订购套餐记得留意哦~ 有问题随时喊小果呀~','wmx_nIaAAA7wNZhwlhRddYqmkuul8mDw',NULL,'7582060265505701915',NULL,NULL,'2025-12-11 15:00:49'),(85,'https://dxgrobot.com/static/images/AjtGqbvgbJQ1vfRxgX4eYjSes9.jpg','您好呀~ 小果暂时无法直接查看图片呢 (๑•́ω•̀๑) 您可以用文字描述下图片里的问题哦~ 另外看到您的设备在线、流量超充足（剩余2998.74G）、信号优，但连接数还是0呢~ 您可以再检查下设备是否开机，然后搜索WiFi名称（CPE-634698-5G/2.4G）输入密码12345678连接试试~ 账户余额0元不影响当前使用，后续订购套餐记得留意哦~ 有问题随时喊小果呀~','wmx_nIaAAA7wNZhwlhRddYqmkuul8mDw',NULL,'7582060265505701915',NULL,NULL,'2025-12-11 15:01:58'),(86,'https://dxgrobot.com/static/images/AZUVJbkim817EMiGUnQd7S697e.jpg','您好呀~ 小果暂时无法直接查看图片呢 (๑•́ω•̀๑) 您可以用文字描述下图片里的问题哦~ 另外看到您的设备在线、流量超充足（剩余2998.74G）、信号优，但连接数还是0呢~ 您可以再检查下设备是否开机，然后搜索WiFi名称（CPE-634698-5G/2.4G）输入密码12345678连接试试~ 账户余额0元不影响当前使用，后续订购套餐记得留意哦~ 有问题随时喊小果呀~','wmx_nIaAAA7wNZhwlhRddYqmkuul8mDw',NULL,'7582060265505701915',NULL,NULL,'2025-12-11 15:06:03'),(87,'https://dxgrobot.com/static/images/AZUVJbkim817EMiGUnQd7S697e.jpg','您好呀~ 小果暂时无法直接查看图片呢 (๑•́ω•̀๑) 您可以用文字描述下图片里的问题哦~ 另外看到您的设备在线、流量超充足（剩余2998.74G）、信号优，但连接数还是0呢~ 您可以再检查下设备是否开机，然后搜索WiFi名称（CPE-634698-5G/2.4G）输入密码12345678连接试试~ 账户余额0元不影响当前使用，后续订购套餐记得留意哦~ 有问题随时喊小果呀~','wmx_nIaAAA7wNZhwlhRddYqmkuul8mDw',NULL,'7582060265505701915',NULL,NULL,'2025-12-11 15:06:04'),(88,'https://dxgrobot.com/static/images/AZUVJbkim817EMiGUnQd7S697e.jpg','您好呀~ 小果暂时无法直接查看图片呢 (๑•́ω•̀๑) 您可以用文字描述下图片里的问题哦~ 另外看到您的设备在线、流量超充足（剩余2998.74G）、信号优，但连接数还是0呢~ 您可以再检查下设备是否开机，然后搜索WiFi名称（CPE-634698-5G/2.4G）输入密码12345678连接试试~ 账户余额0元不影响当前使用，后续订购套餐记得留意哦~ 有问题随时喊小果呀~','wmx_nIaAAA7wNZhwlhRddYqmkuul8mDw',NULL,'7582060265505701915',NULL,NULL,'2025-12-11 15:06:07'),(89,'你好','亲爱的小主~感谢您的咨询！果妹真开心您一切顺利呢(◕‿◕✿)，有任何新问题随时喊果妹，祝您上网愉快，天天好心情！ 🌟','wmx_nIaAAA7wNZhwlhRddYqmkuul8mDw',NULL,'7582060265505701915',NULL,NULL,'2025-12-11 16:58:36'),(90,'怎么激活','小主您好呀～激活电小果随身WiFi，需先实名认证，步骤如下：\n1. 下载“天目e生活”APP，可扫描设备背面二维码、在手机应用商店搜索或在应用宝内下载；\n2. 打开APP，点击【自助服务】绑定设备号；\n3. 点击【实名认证】，完成身份证 + 人脸识别；\n4. 认证后连接设备WiFi即可使用，WiFi名称和初始密码在设备背面。\n\n实名认证结束有体验流量，过期后需进入【充值流量】购买套餐。视频教程：http://jdwlwm2m.com/excel/introduceVideo/yemian/channel/usertutorial_app.html 。人脸识别尽量控制在3s内，一张身份证可认证多个运营商。有问题随时喊果妹哦 (๑＞ڡ＜)☆','wmx_nIaAAA7wNZhwlhRddYqmkuul8mDw',NULL,'7582522029040173066',NULL,NULL,'2025-12-11 17:06:27'),(91,'https://dxgrobot.com/static/images/BHpgfLg8A3YjUYCK2ZHaiyMKhR.jpg','小主，您好呀~ 😊 果妹来啦！看到您分享的图片信息，但遗憾没能识别出设备号呢。麻烦您提供文字版的设备号（8-12位数字）和描述一下设备遇到的故障，这样果妹才能精准帮您解决哦！如果您需要更快的帮助，可以转人工客服：https://work.weixin.qq.com/kfid/kfc43d56bc782d8e85a','wmx_nIaAAA7wNZhwlhRddYqmkuul8mDw',NULL,'7582522029040173066',NULL,NULL,'2025-12-11 17:07:11'),(92,'https://dxgrobot.com/static/images/AjoVRMf9n51X5gTvA7SBuuKe7H.jpg','亲爱的小主(≧▽≦)～果妹检索到您的5GC082634698设备啦！(◕‿◕✿)\n                                果妹检测到您当前剩余流量是2998.38G哦 ~                                网络信息为“优”~\n                                ~ 小主 ~ 设备状态良好，如果遇到使用或网络问题，可以详细跟果妹描述下，果妹会全力帮小主解答哒 ~~ (๑＞ڡ＜)☆','wmx_nIaAAA7wNZhwlhRddYqmkuul8mDw',NULL,'7582522029040173066',NULL,NULL,'2025-12-11 17:08:50'),(93,'云南可以使用吗？','您好呀~很理解您想在云南使用设备的需求呢😉 目前云南属于限制使用区域，您的设备暂时无法在云南使用哦。如果您有其他疑问，可点击转人工链接咨询：https://work.weixin.qq.com/kfid/kfc43d56bc782d8e85a','wmx_nIaAAA7wNZhwlhRddYqmkuul8mDw',NULL,'7582522029040173066',NULL,NULL,'2025-12-11 17:10:24'),(94,'https://dxgrobot.com/static/images/B7NPcRy7ciTXoW1UE6brKwVyh6.jpg','您好呀~很理解您想在云南使用设备的需求呢😉 目前云南属于限制使用区域，您的设备暂时无法在云南使用哦。另外看到您的设备当前余额为0.0元，不过余额不影响套餐使用哒~如果您有其他疑问，可点击转人工链接咨询：https://work.weixin.qq.com/kfid/kfc43d56bc782d8e85a','wmx_nIaAAA7wNZhwlhRddYqmkuul8mDw',NULL,'7582524973731266586',NULL,NULL,'2025-12-11 17:18:50'),(95,'https://dxgrobot.com/static/images/AjoVRMf9n51X5gTvA7SBuuKe7H.jpg','您好呀~很理解您对设备使用区域的关注呢😉 目前云南属于限制使用区域，您的设备暂时无法在云南使用哦。另外看到您的设备当前状态良好：卡在线、已实名、剩余流量2998.38G、信号优~ 余额0.0元不影响套餐使用哒~ 如果您有其他疑问，可点击转人工链接咨询：https://work.weixin.qq.com/kfid/kfc43d56bc782d8e85a','wmx_nIaAAA7wNZhwlhRddYqmkuul8mDw',NULL,'7582524973731266586',NULL,NULL,'2025-12-11 17:20:44'),(96,'云南可以使用吗？','您好呀~很理解您想在云南使用设备的需求呢😉 目前云南属于限制使用区域，您的设备暂时无法在云南使用哦。如果您有其他疑问，可点击转人工链接咨询：https://work.weixin.qq.com/kfid/kfc43d56bc782d8e85a','wmx_nIaAAA7wNZhwlhRddYqmkuul8mDw',NULL,'7582524973731266586',NULL,NULL,'2025-12-11 17:20:46'),(97,'https://dxgrobot.com/static/images/B7NPcRy7ciTXoW1UE6brKwVyh6.jpg','您好呀~ 看到您发送的图片啦，但暂时无法直接识别图片内容呢😉 若您有网络使用相关的问题，小果马上为您转接专属客服处理~ 请点击添加客服：👇\n<a href=\"https://1.tgsu.cn/ow8EAp\">    👉 添加客服</a>','wmx_nIaAAA7wNZhwlhRddYqmkuul8mDw',NULL,'7582524973731266586',NULL,NULL,'2025-12-11 17:20:50'),(98,'网络卡顿','您好呀~理解您遇到网络卡顿的困扰😔 您的设备当前信号优、连接数0、剩余流量充足，小果建议您尝试重启设备，让设备重新驻网获取更稳定的信号哦~如果重启后还是卡顿，可点击添加专属客服帮您进一步排查👇 <a href=\"https://1.tgsu.cn/ow8EAp\">👉 添加客服</a>','wmx_nIaAAA7wNZhwlhRddYqmkuul8mDw',NULL,'7582524973731266586',NULL,NULL,'2025-12-11 17:20:56'),(99,'https://dxgrobot.com/static/images/BHpgfLg8A3YjUYCK2ZHaiyMKhR.jpg','您好呀~很理解您对设备使用区域的关注呢😉 目前云南属于限制使用区域，您的设备暂时无法在云南使用哦。另外看到您的设备当前在山东省-济南市使用，信号强度优，剩余流量充足，网络状态正常哒~如果您有其他疑问，可点击转人工链接咨询：https://work.weixin.qq.com/kfid/kfc43d56bc782d8e85a','wmx_nIaAAA7wNZhwlhRddYqmkuul8mDw',NULL,'7582524973731266586',NULL,NULL,'2025-12-11 17:21:24'),(100,'？？？？','您好呀~看到您发送的问号，是有什么疑问还没说清楚嘛😉 您的设备目前在山东省-济南市使用状态超棒：卡在线、已实名、剩余流量2998.36G、信号优~ 余额0.0元不影响套餐使用哒~ 有任何具体问题都可以告诉小果哦~','wmx_nIaAAA7wNZhwlhRddYqmkuul8mDw',NULL,'7582524973731266586',NULL,NULL,'2025-12-11 17:23:31'),(101,'在吗？','您好呀~小果在呢😉 您的设备目前在山东省-济南市使用状态超棒：卡在线、已实名、剩余流量2998.34G、信号优~ 余额0.0元不影响套餐使用哒~ 有任何具体问题都可以告诉小果哦~','wmx_nIaAAA7wNZhwlhRddYqmkuul8mDw',NULL,'7582524973731266586',NULL,NULL,'2025-12-11 17:27:21'),(102,'网络卡死了','您好呀~理解您遇到网络卡死的困扰😔 您的设备当前信号优、连接数0、剩余流量充足，小果建议您尝试重启设备，让设备重新驻网获取更稳定的信号哦~如果重启后还是卡死，可点击添加专属客服帮您进一步排查👇 <a href=\"https://1.tgsu.cn/ow8EAp\">👉 添加客服</a>','wmx_nIaAAA7wNZhwlhRddYqmkuul8mDw',NULL,'7582524973731266586',NULL,NULL,'2025-12-11 17:49:06'),(103,'https://dxgrobot.com/static/images/ANgxaMjKTfHTFv7MgQsJNhfpbP.jpg','您好呀~小果暂时无法直接识别您发送的图片内容呢😉 看到您的设备当前在山东省-济南市使用状态超棒：卡在线、已实名、剩余流量2996.05G、信号优~ 余额0.0元不影响套餐使用哒~ 若您有网络使用相关的问题，欢迎用文字告诉小果哦~','wmx_nIaAAA7wNZhwlhRddYqmkuul8mDw',NULL,'7582524973731266586',NULL,NULL,'2025-12-11 17:50:21'),(104,'？？？','您好呀~看到您发送的问号，是还有什么疑问没说清楚嘛😉 您的设备目前在山东省-济南市使用状态超棒：卡在线、已实名、剩余流量2995.85G、信号优~ 余额0.0元不影响套餐使用哒~ 有任何具体问题都可以告诉小果哦~','wmx_nIaAAA7wNZhwlhRddYqmkuul8mDw',NULL,'7582524973731266586',NULL,NULL,'2025-12-12 09:13:12'),(105,'https://dxgrobot.com/static/images/AvYaSUr5PjSAnpTGn5WPNMzBVr.jpg','您好呀~小果暂时无法直接识别您发送的图片内容呢😉 看到您的设备当前在山东省-济南市使用状态超棒：卡在线、已实名、剩余流量2995.85G、信号优~ 余额0.0元不影响套餐使用哒~ 若您有网络使用相关的问题，欢迎用文字告诉小果哦~','wmx_nIaAAA7wNZhwlhRddYqmkuul8mDw',NULL,'7582524973731266586',NULL,NULL,'2025-12-12 09:15:04'),(106,'你好棒','您好呀~谢谢夸奖😉 您的设备目前在山东省-济南市使用状态超棒：卡在线、已实名、剩余流量2995.81G、信号优~ 余额0.0元不影响套餐使用哒~ 如果后续有任何网络问题，随时找小果哦😘','wmx_nIaAAA7wNZhwlhRddYqmkuul8mDw',NULL,'7582524973731266586',NULL,NULL,'2025-12-12 11:55:55'),(107,'网络太卡了，怎么回事','理解您网络卡顿的困扰😔 您的设备状态良好（信号优、流量充足），可能是当前网络拥堵~ 建议切换到中国电信网络试试（微信公众号“万物互联之电小果”→自助交费→切换运营商）。若仍卡顿，可清理设备缓存（开机时长按RESET孔5-10秒）。有问题随时找我哦~','wmx_nIaAAA7wNZhwlhRddYqmkuul8mDw',NULL,'7582524973731266586',NULL,NULL,'2025-12-12 11:57:37'),(108,'https://dxgrobot.com/static/images/A1QszqHUApW4VQJ6PyN5TCo22y.jpg','您好呀~小果暂时无法直接识别您发送的图片内容呢😉 您的设备当前状态良好：卡在线、已实名、剩余流量2995.81G、信号优~ 若您仍遇到网络卡顿，建议先完成中国电信网络的实名认证（微信公众号“万物互联之电小果”→自助交费→实名认证），再切换到中国电信网络试试~ 有问题随时找小果哦😘','wmx_nIaAAA7wNZhwlhRddYqmkuul8mDw',NULL,'7582524973731266586',NULL,NULL,'2025-12-12 13:31:13'),(109,'https://dxgrobot.com/static/images/ACHC9KQdmcsxchXvw7BvoUMyxD.jpg','您好呀~小果暂时无法直接识别您发送的图片内容呢😉 您的设备当前状态超棒：卡在线、已实名、剩余流量2995.81G、信号优~ 若您遇到网络问题，可尝试切换到中国电信网络（需先完成实名认证）或清理设备缓存哦~ 有具体问题欢迎用文字告诉小果😘','wmx_nIaAAA7wNZhwlhRddYqmkuul8mDw',NULL,'7582524973731266586',NULL,NULL,'2025-12-12 14:06:36'),(110,'https://dxgrobot.com/static/images/A1fJ5bX5kvQ6nEBNjbqYYgis1v.jpg','您好呀~理解您想通过图片反馈问题的需求呢😉 小果暂时无法直接识别图片内容哦~ 您的设备当前在山东省-济南市使用状态超棒：卡在线、已实名、剩余流量2995.81G、信号优~ 若您仍遇到网络问题，可尝试切换到中国电信网络（需先完成实名认证）或清理设备缓存哦~ 有具体问题欢迎用文字告诉小果😘','wmx_nIaAAA7wNZhwlhRddYqmkuul8mDw',NULL,'7582524973731266586',NULL,NULL,'2025-12-12 15:12:57'),(111,'https://dxgrobot.com/static/images/ANc9X2f3HPrcyJ3bXSuXP3rH9R.jpg','您好呀~小果暂时无法直接识别您发送的图片内容呢😉 您的设备当前在山东省-济南市使用状态超棒：卡在线、已实名、剩余流量2995.81G、信号优~ 若您有网络使用相关的问题，欢迎用文字告诉小果哦~','wmx_nIaAAA7wNZhwlhRddYqmkuul8mDw',NULL,'7582524973731266586',NULL,NULL,'2025-12-12 16:11:48'),(112,'西藏可以使用吗？','您好呀~理解您想在西藏使用设备的需求呢😔 目前西藏属于限制使用区域，您的设备暂时无法在西藏使用哦。如果您有其他疑问，可点击添加专属客服帮您进一步咨询👇 <a href=\"https://1.tgsu.cn/ow8EAp\">👉 添加客服</a>','wmx_nIaAAA7wNZhwlhRddYqmkuul8mDw',NULL,'7582524973731266586',NULL,NULL,'2025-12-12 16:24:06'),(113,'这样啊','您好呀~感谢您的理解😉 您的设备目前在山东省-济南市使用状态超棒：卡在线、已实名、剩余流量2994.89G、信号优~ 余额0.0元不影响套餐使用哒~ 后续有任何网络问题，随时找小果哦~ 祝您上网愉快😘','wmx_nIaAAA7wNZhwlhRddYqmkuul8mDw',NULL,'7582524973731266586',NULL,NULL,'2025-12-12 16:24:55'),(116,'网络卡顿','理解您网络卡顿的困扰😔 您的设备状态良好（信号优、流量充足），但当前在用的中国移动网络可能拥堵~ 您可以先完成中国电信网络的实名认证（微信公众号“万物互联之电小果”→自助交费→实名认证），然后切换到中国电信网络试试哦~ 有问题随时找小果😘','wmx_nIaAAA7wNZhwlhRddYqmkuul8mDw',NULL,'7582524973731266586',NULL,NULL,'2025-12-12 16:35:05'),(117,'没有网络','理解您没有网络的困扰😔 您的设备状态良好（卡在线、信号优、流量充足），但设备连接数为0，可能是WiFi未成功连接哦~ 您可以先检查手机是否连接到设备WiFi（默认名称MIFI-{设备号后四位}，密码12345678），重启手机WiFi或设备试试~ 若仍无网络，可完成中国电信实名认证（微信公众号“万物互联之电小果”→自助交费→实名认证）后切换到中国电信网络哦~ 有问题随时找小果😘','wmx_nIaAAA7wNZhwlhRddYqmkuul8mDw',NULL,'7582524973731266586',NULL,NULL,'2025-12-12 16:37:32'),(118,'怎么实名','您好呀~您的设备中国移动网络已实名，中国电信网络还未实名哦😉 若想使用电信网络，可微信搜索公众号“万物互联之电小果”→自助交费→实名认证，选择中国电信网络按提示完成实名~ 实名后就能切换到电信网络啦，有问题随时找小果😘','wmx_nIaAAA7wNZhwlhRddYqmkuul8mDw',NULL,'7582524973731266586',NULL,NULL,'2025-12-13 21:49:57'),(119,'网络卡顿','理解您网络卡顿的困扰😔 您的设备状态良好（信号优、流量充足），但当前在用的中国移动网络可能拥堵~ 您可以先完成中国电信网络的实名认证（微信公众号“万物互联之电小果”→自助交费→实名认证），然后切换到中国电信网络试试哦~ 有问题随时找小果😘','wmx_nIaAAA7wNZhwlhRddYqmkuul8mDw',NULL,'7582524973731266586',NULL,NULL,'2025-12-13 21:50:48'),(120,'你好啊','您好呀~小果在呢😉 您的设备目前状态良好：卡在线、已实名、剩余流量2993.40G、信号优~ 若您之前的网络卡顿问题还没解决，记得先完成中国电信网络的实名认证（微信公众号“万物互联之电小果”→自助交费→实名认证），再切换到电信网络试试哦~ 有问题随时找我😘','wmx_nIaAAA7wNZhwlhRddYqmkuul8mDw',NULL,'7582524973731266586',NULL,NULL,'2025-12-13 23:12:38'),(121,'https://dxgrobot.com/static/images/B73AUiCemz81RPxVEnphtMG3zA.jpg','您好呀~理解您想通过图片反馈问题的需求呢😉 小果暂时无法直接识别图片内容哦~ 您的设备当前在山东省-济南市使用状态超棒：卡在线、已实名、剩余流量2993.40G、信号优~ 若您遇到网络问题，可尝试完成中国电信网络实名认证（微信公众号“万物互联之电小果”→自助交费→实名认证）后切换到电信网络，或清理设备缓存哦~ 有具体问题欢迎用文字告诉小果😘','wmx_nIaAAA7wNZhwlhRddYqmkuul8mDw',NULL,'7582524973731266586',NULL,NULL,'2025-12-16 10:08:14'),(122,'你好啊','小主 ~ 遇到什么问题啦 ~ (★ᴗ★)可以把问题和设备号一起发给果妹，果妹帮小主看下是什么原因。\n\n果妹先送小主一份设备使用指南哦 ~ \n① 电小果信号指示灯必须是【绿色或蓝色】常亮才能正常上网呢 ~\n② 如刚交费 ~ 必须等待10 - 20分钟关机再开机一下哦 ~\n③ 【如换了使用环境】设备可以切换网的 ~ 可以测试下另外一个网呢 ~\n④ 快速解决方法：机器中如还有流量可以关机再开机一下重新注网哦 ~\n如需专业技术支持，可以回复：专属客服','wmx_nIaAAA7wNZhwlhRddYqmkuul8mDw',NULL,'7584275094509223974',NULL,NULL,'2025-12-16 10:23:56'),(123,'https://dxgrobot.com/static/images/ABuV7YVHoMos94pEysDmaV8qE8.jpg','亲爱的小主(≧▽≦)～果妹检索到您的5GC082634698设备啦！(◕‿◕✿)\n                                果妹检测到您当前剩余流量是2981.55G哦 ~                                网络信息为“优”~\n                                ~ 小主 ~ 设备状态良好，如果遇到使用或网络问题，可以详细跟果妹描述下，果妹会全力帮小主解答哒 ~~ (๑＞ڡ＜)☆','wmx_nIaAAA7wNZhwlhRddYqmkuul8mDw',NULL,'7584275094509223974',NULL,NULL,'2025-12-16 10:26:10'),(124,'西藏可以使用吗？','小主(✧∇✧) 因为运营商规定，新疆、西藏、云南、港澳台、海外是禁区，这些地方都不可以使用电小果随身wifi哦~','wmx_nIaAAA7wNZhwlhRddYqmkuul8mDw',NULL,'7584275094509223974',NULL,NULL,'2025-12-16 10:26:43'),(125,'你好，怎么实名？','您好呀~ 您的设备中国移动网络已实名，中国电信网络未实名哦~ 若需使用电信网络，可这样操作：微信搜索“万物互联之电小果”公众号→进入后点底部“自助交费”→绑定设备号5GC082634698→在页面找到“实名认证”→选择中国电信网络→按提示完成身份证+人脸识别认证就好啦~ 有问题随时喊小果哦😉','wmx_nIaAAA7wNZhwlhRddYqmkuul8mDw',NULL,'7584275094509223974',NULL,NULL,'2025-12-16 10:28:12'),(126,'网络卡顿','您好呀~ 很抱歉给您带来不好的体验😟 您的设备当前信号优，剩余流量充足，但连接数为0哦~ 可能是临时网络波动导致卡顿，您可以尝试这样操作：微信搜索“万物互联之电小果”公众号→进入后点底部“自助交费”→绑定设备号5GC082634698→在页面找到“远程控制”→点击“重启设备”，等待1-2分钟后再试试~ 有问题随时找小果哦😉','wmx_nIaAAA7wNZhwlhRddYqmkuul8mDw',NULL,'7584276797345726502',NULL,NULL,'2025-12-16 10:29:23'),(127,'你好啊，请自我介绍一下','您好呀~😉我是电小果智能助手小果，专门帮您解决随身WiFi的使用问题哦~ 您的设备当前在线，剩余流量2981.39G超充足，信号优，用网超顺畅~ 有任何疑问随时喊我，小果一直都在哒😘','wmx_nIaAAA7wNZhwlhRddYqmkuul8mDw',NULL,'7584276797345726502',NULL,NULL,'2025-12-16 11:10:17'),(128,'一直显示红灯是怎么一回事？','您好呀~ 很抱歉给您带来困扰😟 您的设备当前信号优、流量充足，但指示灯红灯可能是临时故障哦~ 您可以试试微信搜索‘万物互联之电小果’公众号→底部‘自助交费’→绑定设备号5GC082634698→‘远程控制’→点击‘重启设备’，等待1-2分钟后观察指示灯是否恢复~ 有问题随时找小果哦😉','wmx_nIaAAA7wNZhwlhRddYqmkuul8mDw',NULL,'7584276797345726502',NULL,NULL,'2025-12-16 11:11:14'),(129,'怎么实名？','小主您好呀～初次使用电小果随身WiFi需要先实名认证哦~让果妹来教您实名认证的步骤吧！\n\n❶ “天目e生活”APP下载： a.扫描设备背面二维码下载；b.手机应用商店搜索下载；c.手机下载应用宝，在应用宝内进行下载\n❷ 打开APP后点击【自助服务】绑定设备号\n❸ 进入【自助服务】点击【实名认证】，按提示完成身份证+人脸识别\n❹ 认证后连接设备WiFi就能用啦！\n视频教程更直观：http://jdwlwm2m.com/excel/introduceVideo/yemian/channel/usertutorial_app.html\n（WiFi名称和初始密码在设备背面都有标注哦～✨）\n有任何问题随时喊果妹呀 (๑＞ڡ＜)☆\n注：移动人脸识别时，尽量控制在3s内更容易成功哦~一张身份证可以认证多个运营商哦~','wmx_nIaAAA7wNZhwlhRddYqmkuul8mDw',NULL,'7584276797345726502',NULL,NULL,'2025-12-16 11:25:20'),(130,'https://dxgrobot.com/static/images/A1THWkooArNB22bWPVkzRXQCLX.jpg','小主，您好呀~ 😊 果妹来啦！看到您分享的图片信息，但遗憾没能识别出设备号呢。麻烦您提供文字版的设备号（8-12位数字）和描述一下设备遇到的故障，这样果妹才能精准帮您解决哦！如果您需要更快的帮助，可以转人工客服：https://work.weixin.qq.com/kfid/kfc43d56bc782d8e85a','wmx_nIaAAA7wNZhwlhRddYqmkuul8mDw',NULL,'7584291514958004251',NULL,NULL,'2025-12-16 11:25:58'),(131,'https://dxgrobot.com/static/images/BUGpyqU4RQcXL3VEuQKwLAXGoJ.jpg','小主，您好呀~ 😊 果妹来啦！看到您分享的图片信息，但遗憾没能识别出设备号呢。麻烦您提供文字版的设备号（8-12位数字）和描述一下设备遇到的故障，这样果妹才能精准帮您解决哦！如果您需要更快的帮助，可以转人工客服：https://work.weixin.qq.com/kfid/kfc43d56bc782d8e85a','wmx_nIaAAA7wNZhwlhRddYqmkuul8mDw',NULL,'7584291514958004251',NULL,NULL,'2025-12-16 11:32:03'),(132,'没有网络','小主~(｡•́︿•̀｡) 您遇到没有网络的问题极其罕见，马上为您转接专属客服，请点击链接：👇\nhttps://work.weixin.qq.com/kfid/kfc43d56bc782d8e85a\n\n另外，咱们的设备是随身WIFI，只要连接上设备的无线网络就可以上网，跟手机有卡没卡、是否欠费以及使用的哪个运营商无关。设备支持直连电脑，用数据线连接设备的type - C口与电脑即可，且设备是内置卡，不支持插卡哦~','wmx_nIaAAA7wNZhwlhRddYqmkuul8mDw',NULL,'7584291514958004251',NULL,NULL,'2025-12-16 15:39:31'),(133,'你好','小主~(｡•́︿•̀｡) 您的问题极其罕见，马上为您转接专属客服，请点击链接：👇\nhttps://work.weixin.qq.com/kfid/kfc43d56bc782d8e85a','wmx_nIaAAA7wNZhwlhRddYqmkuul8mDw',NULL,'7584291514958004251',NULL,NULL,'2025-12-16 15:57:23'),(134,'人工服务','小主~(｡•́︿•̀｡) 您的问题极其罕见，马上为您转接专属客服，请点击链接：👇\nhttps://work.weixin.qq.com/kfid/kfc43d56bc782d8e85a','wmx_nIaAAA7wNZhwlhRddYqmkuul8mDw',NULL,'7584291514958004251',NULL,NULL,'2025-12-16 16:01:57'),(135,'你好啊','您好呀~我是电小果智能助手小果😉看到您的设备目前在线，剩余流量还有2977.62G，信号也很稳定呢~您这边是遇到什么使用问题啦？随时跟我说哦~','wmx_nIaAAA7wNZhwlhRddYqmkuul8mDw',NULL,'7584291514958004251',NULL,NULL,'2025-12-16 17:09:51'),(136,'没有网络','您好呀~小果来帮您解决问题啦😉 您的设备当前在线，剩余流量充足，但设备连接数为0，可能是WiFi未正确连接哦~ 您可以尝试以下步骤：1. 检查设备是否开机，WiFi开关是否打开；2. 确认WiFi名称为MIFI-4698（设备号后四位），密码12345678；3. 重启随身WiFi设备后重新连接。如果还是不行，您可以在微信公众号“万物互联之电小果”的WiFi管理中查看具体信息或联系人工客服哦~','wmx_nIaAAA7wNZhwlhRddYqmkuul8mDw',NULL,'7584380297233104906',NULL,NULL,'2025-12-16 17:12:54'),(137,'人工客服','小主您好呀~果妹这就帮您联系专属客服为您服务，请点击链接👇\nhttps://work.weixin.qq.com/kfid/kfc43d56bc782d8e85a','wmx_nIaAAA7wNZhwlhRddYqmkuul8mDw',NULL,'7584380297233104906',NULL,NULL,'2025-12-16 17:14:13'),(138,'https://dxgrobot.com/static/images/Ak1X3pAhuGJeN3e9ADPYqr2M7G.jpg','小主，您好呀~ 😊 果妹来啦！看到您分享的图片信息，但遗憾没能识别出设备号呢。麻烦您提供文字版的设备号（8-12位数字）和描述一下设备遇到的故障，这样果妹才能精准帮您解决哦！如果您需要更快的帮助，可以转人工客服：https://work.weixin.qq.com/kfid/kfc43d56bc782d8e85a','wmx_nIaAAA7wNZhwlhRddYqmkuul8mDw',NULL,'7584381481486172203',NULL,NULL,'2025-12-16 17:26:17'),(139,'你好','亲爱的小主~感谢您的咨询！果妹希望您一切顺利呀(◕‿◕✿)，有任何新问题随时喊果妹，祝您上网愉快，天天好心情！ 🌟','wmx_nIaAAA7wNZhwlhRddYqmkuul8mDw',NULL,'7584391311625584640',NULL,NULL,'2025-12-16 17:52:15'),(140,'网络卡顿','小主~(｡•́︿•̀｡) 您的问题极其罕见，马上为您转接专属客服，请点击链接：👇\nhttps://work.weixin.qq.com/kfid/kfc43d56bc782d8e85a','wmx_nIaAAA7wNZhwlhRddYqmkuul8mDw',NULL,'7584391311625584640',NULL,NULL,'2025-12-16 17:53:08'),(141,'https://dxgrobot.com/static/images/3Aawi1W5B7rgo7ziKScENRNuA.jpg','小主，您好呀~ 😊 果妹来啦！看到您分享的图片信息，但遗憾没能识别出设备号呢。麻烦您提供文字版的设备号（8-12位数字）和描述一下设备遇到的故障，这样果妹才能精准帮您解决哦！如果您需要更快的帮助，可以转人工客服：https://work.weixin.qq.com/kfid/kfc43d56bc782d8e85a','wmx_nIaAAA7wNZhwlhRddYqmkuul8mDw',NULL,'7584391311625584640',NULL,NULL,'2025-12-16 17:54:42'),(142,'人工客服','好哒~您是遇到什么问题需要人工协助呀？别着急，小果这就为您转接人工客服哦~转人工链接：https://work.weixin.qq.com/kfid/kfc43d56bc782d8e85a','wmx_nIaAAA7wNZhwlhRddYqmkuul8mDw',NULL,'7584392283933638682',NULL,NULL,'2025-12-16 17:56:21'),(143,'https://dxgrobot.com/static/images/B6zmVuF9pVZLgTcgoUDewVArPr.jpg','好哒~您是遇到什么问题需要人工协助呀？别着急，小果这就为您转接人工客服哦~转人工链接：https://work.weixin.qq.com/kfid/kfc43d56bc782d8e85a','wmx_nIaAAA7wNZhwlhRddYqmkuul8mDw',NULL,'7584392283933638682',NULL,NULL,'2025-12-16 17:57:23'),(144,'一直显示红灯','小主~(｡•́︿•̀｡) 您的问题极其罕见，马上为您转接专属客服，请点击链接：👇\nhttps://work.weixin.qq.com/kfid/kfc43d56bc782d8e85a','wmx_nIaAAA7wNZhwlhRddYqmkuul8mDw',NULL,'7584391311625584640',NULL,NULL,'2025-12-16 17:58:28'),(145,'怎么激活','小主~(｡•́︿•̀｡) 您的问题极其罕见，马上为您转接专属客服，请点击链接：👇\nhttps://work.weixin.qq.com/kfid/kfc43d56bc782d8e85a','wmx_nIaAAA7wNZhwlhRddYqmkuul8mDw',NULL,'7584391311625584640',NULL,NULL,'2025-12-16 17:58:45'),(146,'你好','小主~(｡•́︿•̀｡) 您的问题极其罕见，马上为您转接专属客服，请点击链接：👇\nhttps://work.weixin.qq.com/kfid/kfc43d56bc782d8e85a','wmx_nIaAAA7wNZhwlhRddYqmkuul8mDw',NULL,'7584391311625584640',NULL,NULL,'2025-12-17 08:01:26'),(147,'https://dxgrobot.com/static/images/ABzLu4AhZLTEbh2ESaTHFyZmSS.jpg','小主，您好呀~ 😊 果妹来啦！看到您分享的图片信息，但遗憾没能识别出设备号呢。麻烦您提供文字版的设备号（8-12位数字）和描述一下设备遇到的故障，这样果妹才能精准帮您解决哦！如果您需要更快的帮助，可以转人工客服：https://work.weixin.qq.com/kfid/kfc43d56bc782d8e85a','wmx_nIaAAA7wNZhwlhRddYqmkuul8mDw',NULL,'7584391311625584640',NULL,NULL,'2025-12-17 08:34:25'),(148,'https://dxgrobot.com/static/images/ANpDuH6tqmJ5KT9qdDhxc4MTxj.jpg','小主，您好呀~ 😊 果妹来啦！看到您分享的图片信息，但遗憾没能识别出设备号呢。麻烦您提供文字版的设备号（8-12位数字）和描述一下设备遇到的故障，这样果妹才能精准帮您解决哦！如果您需要更快的帮助，可以转人工客服：https://work.weixin.qq.com/kfid/kfc43d56bc782d8e85a','wmx_nIaAAA7wNZhwlhRddYqmkuul8mDw',NULL,'7584391311625584640',NULL,NULL,'2025-12-17 08:34:58'),(151,'怎么激活','小主~(｡•́︿•̀｡) 您的问题极其罕见，马上为您转接专属客服，请点击链接：👇\nhttps://work.weixin.qq.com/kfid/kfc43d56bc782d8e85a','wmx_nIaAAA7wNZhwlhRddYqmkuul8mDw',NULL,'7584391311625584640',NULL,NULL,'2025-12-17 09:31:21'),(152,'怎么实名','小主您好呀～初次使用电小果随身WiFi需要先实名认证哦~让果妹来教您实名认证的步骤吧！\n\n❶ “天目e生活”APP下载： a.扫描设备背面二维码下载；b.手机应用商店搜索下载；c.手机下载应用宝，在应用宝内进行下载\n❷ 打开APP后点击【自助服务】绑定设备号\n❸ 进入【自助服务】点击【实名认证】，按提示完成身份证+人脸识别\n❹ 认证后连接设备WiFi就能用啦！\n视频教程更直观：http://jdwlwm2m.com/excel/introduceVideo/yemian/channel/usertutorial_app.html\n（WiFi名称和初始密码在设备背面都有标注哦～✨）\n有任何问题随时喊果妹呀 (๑＞ڡ＜)☆\n注：移动人脸识别时，尽量控制在3s内更容易成功哦~一张身份证可以认证多个运营商哦~\n\n如果是联通实名认证，步骤如下：\n①您点击联通的未实名按键后会跳转到一个上面是号码下面是二维码的页面，\n②复制上方号码的iccid，\n③长按下方二维码进行扫一扫，\n④进入后点右下角卡包进行添加物联网卡，\n⑤把您复制来的iccid粘贴到第一栏，第二栏备注您的姓氏就可以啦~\n✨显示绑卡成功后要10 - 30分钟审核通过，需要耐心等待哦~💕','wmx_nIaAAA7wNZhwlhRddYqmkuul8mDw',NULL,'7584391311625584640',NULL,NULL,'2025-12-17 09:32:02'),(156,'怎么激活','小主您好呀～激活电小果随身WiFi需先实名认证，步骤如下：\n1. 下载“天目e生活”APP，可扫描设备背面二维码、在手机应用商店搜索或通过应用宝下载。\n2. 打开APP点击【自助服务】绑定设备号。\n3. 进入【自助服务】点击【实名认证】，按提示完成身份证+人脸识别。\n4. 认证后连接设备WiFi即可使用。\n\n视频教程：http://jdwlwm2m.com/excel/introduceVideo/yemian/channel/usertutorial_app.html （WiFi名称和初始密码在设备背面）\n\n注：移动人脸识别尽量控制在3s内，一张身份证可认证多个运营商。有问题随时喊果妹哦 (๑＞ڡ＜)☆','wmx_nIaAAA7wNZhwlhRddYqmkuul8mDw',NULL,'7584391311625584640',NULL,NULL,'2025-12-17 10:54:01'),(157,'https://dxgrobot.com/static/images/Avi8CF8Axvmronz9wHjEBetEtB.jpg','小主，您好呀~ 😊 果妹来啦！看到您分享的图片信息，但遗憾没能识别出设备号呢。麻烦您提供文字版的设备号（8-12位数字）和描述一下设备遇到的故障，这样果妹才能精准帮您解决哦！如果您需要更快的帮助，可以转人工客服：https://work.weixin.qq.com/kfid/kfc43d56bc782d8e85a','wmx_nIaAAA7wNZhwlhRddYqmkuul8mDw',NULL,'7584391311625584640',NULL,NULL,'2025-12-17 10:56:00'),(158,'老铁，有人在吗？','您好呀~小果在线哒😉 您是遇到什么问题需要协助呢？可以具体说说哦~如果需要人工协助，小果这就为您转接👉 转人工链接：https://work.weixin.qq.com/kfid/kfc43d56bc782d8e85a','wmx_nIaAAA7wNZhwlhRddYqmkuul8mDw',NULL,'7584392283933638682',NULL,NULL,'2025-12-17 10:57:13'),(159,'https://dxgrobot.com/static/images/Ak8hTraQ1M8wrPHzZsSGnmNykp.jpg','您好呀~看到您发送了图片链接，但小果暂时无法直接查看图片内容呢😉 您可以具体说说遇到的问题吗？比如是无法连接WiFi、网速慢还是其他情况？另外，从设备状态来看，您的设备卡状态在线、信号优、剩余流量充足，不过当前余额为0元（余额主要用于订购新套餐，不影响现有剩余流量使用）。如果是连接问题，您可以尝试重启设备，或者在微信公众号“万物互联之电小果”的“自助交费”页面切换到空闲的中国电信网络试试哦~','wmx_nIaAAA7wNZhwlhRddYqmkuul8mDw',NULL,'7584392283933638682',NULL,NULL,'2025-12-17 10:59:04'),(160,'你好啊，请自我介绍一下','小主~(｡•́︿•̀｡) 您的问题极其罕见，马上为您转接专属客服，请点击链接：👇\nhttps://work.weixin.qq.com/kfid/kfc43d56bc782d8e85a','wmx_nIaAAA7wNZhwlhRddYqmkuul8mDw',NULL,'7584392283933638682',NULL,NULL,'2025-12-17 11:13:48'),(161,'怎么实名','小主您好呀～初次使用电小果随身WiFi需要先实名认证哦~让果妹来教您实名认证的步骤吧！\n\n❶ “天目e生活”APP下载： a.扫描设备背面二维码下载；b.手机应用商店搜索下载；c.手机下载应用宝，在应用宝内进行下载\n❷ 打开APP后点击【自助服务】绑定设备号\n❸ 进入【自助服务】点击【实名认证】，按提示完成身份证+人脸识别\n❹ 认证后连接设备WiFi就能用啦！\n视频教程更直观：http://jdwlwm2m.com/excel/introduceVideo/yemian/channel/usertutorial_app.html\n（WiFi名称和初始密码在设备背面都有标注哦～✨）\n有任何问题随时喊果妹呀 (๑＞ڡ＜)☆\n注：移动人脸识别时，尽量控制在3s内更容易成功哦~一张身份证可以认证多个运营商哦~','wmx_nIaAAA7wNZhwlhRddYqmkuul8mDw',NULL,'7584392283933638682',NULL,NULL,'2025-12-17 11:20:41'),(162,'？？？','小主~(｡•́︿•̀｡) 您的问题极其罕见，马上为您转接专属客服，请点击链接：👇\nhttps://work.weixin.qq.com/kfid/kfc43d56bc782d8e85a','wmx_nIaAAA7wNZhwlhRddYqmkuul8mDw',NULL,'7584661430026502163',NULL,NULL,'2025-12-17 11:24:57'),(163,'一直显示红灯','小主~(｡•́︿•̀｡) 您的问题极其罕见，马上为您转接专属客服，请点击链接：👇\nhttps://work.weixin.qq.com/kfid/kfc43d56bc782d8e85a','wmx_nIaAAA7wNZhwlhRddYqmkuul8mDw',NULL,'7584661430026502163',NULL,NULL,'2025-12-17 11:29:29'),(164,'突然一闪一闪冒红','您好~(｡•́︿•̀｡)您的设备出现红灯闪烁的情况，小果马上为您转接专属客服处理~请点击添加客服：👇<a href=\"https://1.tgsu.cn/ow8EAp\">👉 添加客服</a>','wmx_nIaAAA7wNZhwlhRddYqmkuul8mDw',NULL,'7584661430026502163',NULL,NULL,'2025-12-17 11:30:41'),(165,'人工客服','好的呢～小果理解您需要人工协助的心情，这就帮您转接专属客服为您服务~请点击添加客服：👇<a href=\"https://1.tgsu.cn/ow8EAp\">👉 添加客服</a>','wmx_nIaAAA7wNZhwlhRddYqmkuul8mDw',NULL,'7584663950396014618',NULL,NULL,'2025-12-17 11:41:28'),(166,'https://dxgrobot.com/static/images/AZUT8Gus15pVEwfokX1KQoYXBZ.jpg','您好呀~理解您想尽快解决设备问题的心情，您发送的图片小果需要请专属客服帮您详细查看处理呢~这就为您转接👉 <a href=\"https://1.tgsu.cn/ow8EAp\">添加客服</a>','wmx_nIaAAA7wNZhwlhRddYqmkuul8mDw',NULL,'7584663950396014618',NULL,NULL,'2025-12-17 11:42:38'),(167,'你好啊','小主 ~ 遇到什么问题啦 ~ (★ᴗ★)可以把问题和设备号一起发给果妹，果妹帮小主看下是什么原因。\n\n果妹先送小主一份设备使用指南哦 ~ \n① 电小果信号指示灯必须是【绿色或蓝色】常亮才能正常上网呢 ~\n② 如刚交费 ~ 必须等待10 - 20分钟关机再开机一下哦 ~\n③ 【如换了使用环境】设备可以切换网的 ~ 可以测试下另外一个网呢 ~\n④ 快速解决方法：机器中如还有流量可以关机再开机一下重新注网哦 ~\n如需专业技术支持，可以回复：专属客服','wmx_nIaAAA7wNZhwlhRddYqmkuul8mDw',NULL,'7584391311625584640',NULL,NULL,'2025-12-17 11:44:19'),(168,'https://dxgrobot.com/static/images/A1cszpt6eJZx9v3WhpTnDYYck8.jpg','小主，您好呀~ 😊 果妹来啦！看到您分享的图片信息，但遗憾没能识别出设备号呢。麻烦您提供文字版的设备号（8-12位数字）和描述一下设备遇到的故障，这样果妹才能精准帮您解决哦！如果您需要更快的帮助，可以转人工客服：https://work.weixin.qq.com/kfid/kfc43d56bc782d8e85a','wmx_nIaAAA7wNZhwlhRddYqmkuul8mDw',NULL,'7584391311625584640',NULL,NULL,'2025-12-17 11:53:36'),(169,'https://dxgrobot.com/static/images/A1NUUJ34tt2cXjQcRQvmCBpwUh.jpg','亲爱的小主(≧▽≦)～果妹检索到您的5GC082634698设备啦！(◕‿◕✿)\n                                果妹检测到您当前剩余流量是2976.64G哦 ~                                网络信息为“优”~\n                                ~ 小主 ~ 设备状态良好，如果遇到使用或网络问题，可以详细跟果妹描述下，果妹会全力帮小主解答哒 ~~ (๑＞ڡ＜)☆','wmx_nIaAAA7wNZhwlhRddYqmkuul8mDw',NULL,'7584391311625584640',NULL,NULL,'2025-12-17 11:54:16'),(171,'怎么实名','您好呀~(๑•̀ㅂ•́)و✧您的设备中国移动网络已实名，中国电信网络还未实名哦~ 您可以微信搜索“万物互联之电小果”公众号，点击底部“自助交费”绑定设备号后，找到“实名认证”选项，选择中国电信网络，按提示完成身份证+人脸识别认证就好啦~ 有疑问随时喊小果哦~','wmx_nIaAAA7wNZhwlhRddYqmkuul8mDw',NULL,'7584663950396014618',NULL,NULL,'2025-12-17 13:53:06'),(172,'怎么实名','小主您好呀～初次使用电小果随身WiFi需要先实名认证哦~让果妹来教您实名认证的步骤吧！\n\n❶ “天目e生活”APP下载： a.扫描设备背面二维码下载；b.手机应用商店搜索下载；c.手机下载应用宝，在应用宝内进行下载\n❷ 打开APP后点击【自助服务】绑定设备号\n❸ 进入【自助服务】点击【实名认证】，按提示完成身份证+人脸识别\n❹ 认证后连接设备WiFi就能用啦！\n视频教程更直观：http://jdwlwm2m.com/excel/introduceVideo/yemian/channel/usertutorial_app.html\n（WiFi名称和初始密码在设备背面都有标注哦～✨）\n有任何问题随时喊果妹呀 (๑＞ڡ＜)☆\n注：移动人脸识别时，尽量控制在3s内更容易成功哦~一张身份证可以认证多个运营商哦~\n\n若您认证的是联通网络，点击联通的未实名按键后会跳转到一个上面是号码下面是二维码的页面，复制上方号码的iccid，长按下方二维码进行扫一扫，进入后点右下角卡包进行添加物联网卡，把复制来的iccid粘贴到第一栏，第二栏备注您的姓氏即可。显示绑卡成功后要10 - 30分钟审核通过，需耐心等待哦~\n\n另外，一个手机号可以实名认证所有运营商，咱们的设备实名认证不受手机号运营商与归属人影响，实名认证不需要重新缴费，购买套餐时有显示可以使用的网络，按实名步骤完成实名就行啦。','wmx_nIaAAA7wNZhwlhRddYqmkuul8mDw',NULL,'7584391311625584640',NULL,NULL,'2025-12-17 13:53:11'),(173,'https://dxgrobot.com/static/images/BHnCEXxxRfHCv942JXfGvufGv9.jpg','亲爱的小主(≧▽≦)～果妹检索到您的5GC082634698设备啦！(◕‿◕✿)\n                                果妹检测到您当前剩余流量是2975.31G哦 ~                                网络信息为“优”~\n                                ~ 小主 ~ 设备状态良好，如果遇到使用或网络问题，可以详细跟果妹描述下，果妹会全力帮小主解答哒 ~~ (๑＞ڡ＜)☆','wmx_nIaAAA7wNZhwlhRddYqmkuul8mDw',NULL,'7584391311625584640',NULL,NULL,'2025-12-17 14:13:13'),(175,'云南可以使用吗？','小主(✧∇✧)，因为运营商规定，新疆、西藏、云南、港澳台、海外是禁区，这些地方都不可以使用哦。另外，目前云南地区属于运营商根据国安部规定设置的高危管控区域，使用可能会被检测无法使用，云南专用款设备是单移动网络的呢~','wmx_nIaAAA7wNZhwlhRddYqmkuul8mDw',NULL,'7584391311625584640',NULL,NULL,'2025-12-18 09:10:39'),(176,'怎么激活？','小主您好呀～激活电小果随身WiFi需要先实名认证，步骤如下：\n1. “天目e生活”APP下载：可扫描设备背面二维码下载，或在手机应用商店搜索下载，也可在手机下载应用宝后在应用宝内下载。\n2. 打开APP点击【自助服务】绑定设备号。\n3. 进入【自助服务】点击【实名认证】，按提示完成身份证+人脸识别。\n4. 认证后连接设备WiFi就能使用体验流量。\n5. 体验流量过期后，需进入【充值流量】购买流量套餐。\n\nWiFi名称和初始密码在设备背面标注。视频教程：http://jdwlwm2m.com/excel/introduceVideo/yemian/channel/usertutorial_app.html 。有问题随时喊果妹哦~注：移动人脸识别尽量控制在3s内，一张身份证可认证多个运营商。','wmx_nIaAAA7wNZhwlhRddYqmkuul8mDw',NULL,'7584391311625584640',NULL,NULL,'2025-12-18 09:11:30'),(177,'云南可以使用吗？','您好 ~ (✧∇✧) 因为运营商规定，云南是禁区，不可以使用哦~ 如果您的设备在云南开机使用过，需要转接专属客服进行处理 ~ 请点击添加客服：👇<a href=\"https://1.tgsu.cn/ow8EAp\">👉 添加客服</a>','wmx_nIaAAA7wNZhwlhRddYqmkuul8mDw',NULL,'7584663950396014618',NULL,NULL,'2025-12-18 09:11:35'),(178,'https://dxgrobot.com/static/images/35nyyaVBPuGCWHa5aAi1rxqTg.jpg','亲爱的小主(≧▽≦)～果妹检索到您的5GC082634698设备啦！(◕‿◕✿)\n                                果妹检测到您当前剩余流量是2974.14G哦 ~                                网络信息为“优”~\n                                ~ 小主 ~ 设备状态良好，如果遇到使用或网络问题，可以详细跟果妹描述下，果妹会全力帮小主解答哒 ~~ (๑＞ڡ＜)☆','wmx_nIaAAA7wNZhwlhRddYqmkuul8mDw',NULL,'7584391311625584640',NULL,NULL,'2025-12-18 09:55:45'),(179,'你好啊','小主 ~ 遇到什么问题啦 ~ \n(★ᴗ★)可以把问题和设备号一起发给果妹，果妹帮小主看下是什么原因\n\n果妹先送小主一份设备使用指南哦 ~ \n① 电小果信号指示灯必须是【绿色或蓝色】常亮才能正常上网呢 ~\n② 如刚交费 ~ 必须等待10 - 20分钟关机再开机一下哦 ~\n③ 【如换了使用环境】设备可以切换网的 ~ 可以测试下另外一个网呢 ~\n④ 快速解决方法：机器中如还有流量可以关机再开机一下重新注网哦 ~\n如需专业技术支持，可以回复：专属客服','wmx_nIaAAA7wNZhwlhRddYqmkuul8mDw',NULL,'7584391311625584640',NULL,NULL,'2025-12-18 11:02:05'),(180,'如何解绑','您好呀~(๑•̀ㅂ•́)و✧解绑操作很简单哦~您可以微信搜索“万物互联之电小果”公众号，点击底部“自助交费”绑定设备号后，找到“解除绑定”选项，点击即可完成解绑啦~有疑问随时喊小果哦~','wmx_nIaAAA7wNZhwlhRddYqmkuul8mDw',NULL,'7584663950396014618',NULL,NULL,'2025-12-18 11:02:41'),(182,'网络好卡啊','亲，网络卡顿确实让人着急呢~(｡•́︿•̀｡) 您可以试试重启设备哦~长按电源键10秒重启，让设备重新驻网获取更优信号~ 另外，当前设备连接数为0，若后续连接设备，建议不超过3台，避免分摊网速~ 有问题随时喊小果哦~','wmx_nIaAAA7wNZhwlhRddYqmkuul8mDw',NULL,'7584663950396014618',NULL,NULL,'2025-12-18 11:35:20'),(183,'一直显示红灯','您别着急~设备显示红灯可能是网络连接临时波动啦😉您可以长按设备开关键10秒左右重启，重启后等待2分钟看看指示灯是否恢复正常哦~','dxg_iNBTEjf7Q7GRUc0aeO3egQ',NULL,'7585100953574621199',NULL,NULL,'2025-12-18 15:46:34'),(184,'你好','小主~(｡•́︿•̀｡) 您的问题极其罕见，马上为您转接专属客服，请点击链接：👇\nhttps://work.weixin.qq.com/kfid/kfc43d56bc782d8e85a','dxg_JrPl3QzsRtml2LyolSLtzw',NULL,'7584391311625584640',NULL,NULL,'2025-12-19 10:59:08'),(185,'怎么实名','您好呀~(๑•̀ㅂ•́)و✧您的设备中国移动网络已实名，中国电信网络还未实名哦~ 您可以微信搜索“万物互联之电小果”公众号，点击底部“自助交费”绑定设备号后，找到“实名认证”选项，选择中国电信网络，按提示完成身份证+人脸识别认证就好啦~ 有疑问随时喊小果哦~','dxg_JrPl3QzsRtml2LyolSLtzw',NULL,'7584663950396014618',NULL,NULL,'2025-12-19 11:07:09'),(186,'https://dxgrobot.com/static/images/ANmkYiAjHKJJiFmgR43dcAEzfX.jpg','您好呀~理解您想尽快解决设备问题的心情，您发送的图片小果需要请专属客服帮您详细查看处理呢~这就为您转接👉 <a href=\"https://1.tgsu.cn/ow8EAp\">添加客服</a>','dxg_JrPl3QzsRtml2LyolSLtzw',NULL,'7584663950396014618',NULL,NULL,'2025-12-19 11:08:06'),(187,'https://dxgrobot.com/static/images/A1csSy329yCPF9dbEE6PNFAJe9.jpg','亲爱的小主(≧▽≦)～果妹检索到您的5GC082634698设备啦！(◕‿◕✿)\n                                果妹检测到您当前剩余流量是2969.24G哦 ~                                网络信息为“优”~\n                                ~ 小主 ~ 设备状态良好，如果遇到使用或网络问题，可以详细跟果妹描述下，果妹会全力帮小主解答哒 ~~ (๑＞ڡ＜)☆','dxg_JrPl3QzsRtml2LyolSLtzw',NULL,'7584391311625584640',NULL,NULL,'2025-12-19 11:08:47'),(188,'网络卡顿怎么办','小主~(｡•́︿•̀｡) 您的问题极其罕见，马上为您转接专属客服，请点击链接：👇\nhttps://work.weixin.qq.com/kfid/kfc43d56bc782d8e85a','dxg_JrPl3QzsRtml2LyolSLtzw',NULL,'7584391311625584640',NULL,NULL,'2025-12-19 11:09:20'),(189,'一直显示红灯','您别担心~设备持续红灯可能是当前在用的中国移动网络临时不稳定哦😉您可以打开微信搜索“万物互联之电小果”公众号，进入“自助交费”页面，找到“切换运营商”选项，选择切换到中国电信网络，保存后重启设备等待2分钟，看看指示灯是否恢复正常呀~','dxg_iNBTEjf7Q7GRUc0aeO3egQ',NULL,'7585100953574621199',NULL,NULL,'2025-12-19 11:13:09'),(190,'实名','您好～您的设备当前中国移动网络已实名，中国电信网络未实名哦～\n若需使用中国电信网络，可按以下步骤实名：\n❶ 关注微信公众号【万物互联之电小果】\n❷ 点击【自助交费】绑定设备号5GC082634698\n❸ 找到【实名认证】选择中国电信，按提示完成身份证+人脸识别\n完成后就能切换使用电信网络啦 ✨','dxg_TzDMsCe7TgGDnGxXIhMD_w',NULL,'7585402297789071379',NULL,NULL,'2025-12-19 11:15:51'),(191,'怎么实名','小主您好呀～初次使用电小果随身WiFi需要先实名认证哦~让果妹来教您实名认证的步骤吧！\n\n❶ “天目e生活”APP下载： a.扫描设备背面二维码下载；b.手机应用商店搜索下载；c.手机下载应用宝，在应用宝内进行下载\n❷ 打开APP后点击【自助服务】绑定设备号\n❸ 进入【自助服务】点击【实名认证】，按提示完成身份证+人脸识别\n❹ 认证后连接设备WiFi就能用啦！\n视频教程更直观：http://jdwlwm2m.com/excel/introduceVideo/yemian/channel/usertutorial_app.html\n（WiFi名称和初始密码在设备背面都有标注哦～✨）\n有任何问题随时喊果妹呀 (๑＞ڡ＜)☆\n注：移动人脸识别时，尽量控制在3s内更容易成功哦~一张身份证可以认证多个运营商哦~','dxg_JrPl3QzsRtml2LyolSLtzw',NULL,'7584391311625584640',NULL,NULL,'2025-12-19 11:55:58'),(192,'没有网络','亲，没有网络确实让人着急呢~(｡•́︿•̀｡) 别担心，小果帮您分析下：设备卡在线、有充足流量（剩余2969G）、信号优，状态正常哦~ 您可以试试这两步：1. 长按电源键10秒重启设备，让它重新驻网；2. 检查是否连接对了WIFI（名称默认是MIFI-设备号后四位，密码12345678），重新连接试试~ 有问题随时喊小果哦~','dxg_JrPl3QzsRtml2LyolSLtzw',NULL,'7584663950396014618',NULL,NULL,'2025-12-19 11:56:14'),(193,'你好啊，请自我介绍一下','您好呀~我是电小果智能助手小果😉很高兴为您服务！看到您的设备当前余额为0元，为了不影响您正常使用流量，建议您及时充值哦~有任何问题都可以随时找我呀~','dxg_iNBTEjf7Q7GRUc0aeO3egQ',NULL,'7585100953574621199',NULL,NULL,'2025-12-19 11:58:05'),(194,'怎么实名','您别担心~设备显示红灯可能和未实名的中国电信网络有关哦😉您可以打开微信搜索“万物互联之电小果”公众号，进入“自助交费”页面，找到“实名认证”选项，选择中国电信网络，按提示完成身份证+人脸识别认证，认证后重启设备等待2分钟，看看指示灯是否恢复正常呀~','dxg_iNBTEjf7Q7GRUc0aeO3egQ',NULL,'7585100953574621199',NULL,NULL,'2025-12-19 11:58:52'),(195,'转人工','非常理解您的困扰😔，小果这就帮您转接人工客服处理~您可以点击链接联系人工：https://work.weixin.qq.com/kfid/kfc43d56bc782d8e85a','dxg_iNBTEjf7Q7GRUc0aeO3egQ',NULL,'7585100953574621199',NULL,NULL,'2025-12-19 14:47:30'),(196,'怎么激活？','小主您好呀～激活电小果随身WiFi需先实名认证，步骤如下：\n❶ 下载“天目e生活”APP，可扫描设备背面二维码、在手机应用商店搜索或在应用宝内下载；\n❷ 打开APP点击【自助服务】绑定设备号；\n❸ 进入【自助服务】点击【实名认证】，完成身份证+人脸识别；\n❹ 认证后连接设备WiFi就能用啦。\n视频教程：http://jdwlwm2m.com/excel/introduceVideo/yemian/channel/usertutorial_app.html\nWiFi名称和初始密码在设备背面标注。注：移动人脸识别尽量控制在3s内，一张身份证可认证多个运营商。有问题随时喊果妹哦 (๑＞ڡ＜)☆','dxg_JrPl3QzsRtml2LyolSLtzw',NULL,'7584391311625584640',NULL,NULL,'2025-12-19 14:55:06'),(197,'网络太卡了','亲，网络卡顿确实影响体验呢~(｡•́︿•̀｡) 设备状态正常（流量足、信号优），可能是缓存导致的哦~ 您可以试试恢复出厂设置清理缓存：开机状态下用卡针长按RESET孔5-10秒，关机10分钟后重启~ 恢复后WIFI会重置为默认（名称MIFI-设备后四位，密码12345678），重新连接即可~ 有问题随时喊小果哦~','dxg_JrPl3QzsRtml2LyolSLtzw',NULL,'7584663950396014618',NULL,NULL,'2025-12-19 14:55:29'),(198,'没有网络是怎么回事？','您别着急~设备当前余额为0元但总流量充足，可能是中国移动网络临时波动哦😉您可以打开微信搜索“万物互联之电小果”公众号，进入“自助交费”页面，找到“切换运营商”选项，选择切换到中国电信网络（已实名），保存后重启设备等待2分钟。另外，检查WiFi名称是否为“MIFI-698”（设备号后四位），密码是否为“12345678”，确保连接正确呀~','dxg_iNBTEjf7Q7GRUc0aeO3egQ',NULL,'7585100953574621199',NULL,NULL,'2025-12-19 15:08:15'),(199,'你好啊','小主 ~ 遇到什么问题啦 ~ \n(★ᴗ★)可以把问题和设备号一起发给果妹，果妹帮小主看下是什么原因\n\n果妹先送小主一份设备使用指南哦 ~ \n① 电小果信号指示灯必须是【绿色或蓝色】常亮才能正常上网呢 ~\n② 如刚交费 ~ 必须等待10 - 20分钟关机再开机一下哦 ~\n③【如换了使用环境】设备可以切换网的 ~ 可以测试下另外一个网呢 ~\n④ 快速解决方法：机器中如还有流量可以关机再开机一下重新注网哦 ~\n如需专业技术支持，可以回复：专属客服','dxg_JrPl3QzsRtml2LyolSLtzw',NULL,'7584391311625584640',NULL,NULL,'2025-12-19 17:28:51'),(200,'没有网络','小主，没有网络确实让人着急呢(｡•́︿•̀｡) 果妹建议您：\n❶ 先尝试将设备移动到窗口或更开阔的地方，避免遮挡~\n❷ 打开【天目e生活】APP→【自助服务】→点击【网络切换】选择其他运营商（如果有空闲网络）\n❸ 重启设备：关机5分钟再开机~如果还不行，果妹帮您联系专属客服处理哦，请点击链接：\nhttps://work.weixin.qq.com/kfid/kfc43d56bc782d8e85a','dxg_JrPl3QzsRtml2LyolSLtzw',NULL,'7584391311625584640',NULL,NULL,'2025-12-19 17:31:11'),(201,'网络卡顿','小主~(｡•́︿•̀｡) 您的问题极其罕见，马上为您转接专属客服，请点击链接：👇\nhttps://work.weixin.qq.com/kfid/kfc43d56bc782d8e85a','dxg_JrPl3QzsRtml2LyolSLtzw',NULL,'7584391311625584640',NULL,NULL,'2025-12-19 17:32:23'),(202,'怎么激活','小主您好呀～初次使用电小果随身WiFi需要先实名认证来激活哦，步骤如下：\n1. “天目e生活”APP下载：a.扫描设备背面二维码下载；b.手机应用商店搜索下载；c.手机下载应用宝，在应用宝内进行下载。\n2. 打开APP点击【自助服务】绑定设备号。\n3. 进入【自助服务】点击【实名认证】，按提示完成身份证+人脸识别。\n4. 认证后连接设备WiFi就能用啦，实名认证结束后有体验流量可使用。\n5. 体验流量过期后，需进入【充值流量】购买流量套餐才可继续使用。\n\n视频教程更直观：http://jdwlwm2m.com/excel/introduceVideo/yemian/channel/usertutorial_app.html\n（WiFi名称和初始密码在设备背面都有标注哦～✨）\n注：移动人脸识别时，尽量控制在3s内更容易成功哦~一张身份证可以认证多个运营商哦~有任何问题随时喊果妹呀 (๑＞ڡ＜)☆','dxg_JrPl3QzsRtml2LyolSLtzw',NULL,'7584391311625584640',NULL,NULL,'2025-12-19 17:37:36'),(203,'？？？','小主~(｡•́︿•̀｡) 您的问题极其罕见，马上为您转接专属客服，请点击链接：👇\nhttps://work.weixin.qq.com/kfid/kfc43d56bc782d8e85a','dxg_JrPl3QzsRtml2LyolSLtzw',NULL,'7584391311625584640',NULL,NULL,'2025-12-22 08:57:46'),(204,'怎么实名','您好呀~(๑•̀ㅂ•́)و✧您的设备中国移动网络已实名，中国电信网络还未实名哦~ 您可以微信搜索“万物互联之电小果”公众号，点击底部“自助交费”绑定设备号后，找到“实名认证”选项，选择中国电信网络，按提示完成身份证+人脸识别认证就好啦~ 有疑问随时喊小果哦~','dxg_JrPl3QzsRtml2LyolSLtzw',NULL,'7584663950396014618',NULL,NULL,'2025-12-22 08:57:51'),(205,'有人在吗？','您好呀~我是电小果智能助手小果😉，很高兴再次为您服务！请问您现在遇到什么问题啦？是之前的网络问题还没解决，还是有其他疑问呢？另外，看到您的设备当前总流量充足（剩余2964.87G），余额为0元不影响流量使用哦~','dxg_iNBTEjf7Q7GRUc0aeO3egQ',NULL,'7585100953574621199',NULL,NULL,'2025-12-22 09:20:09'),(206,'怎么实名','小主您好呀～初次使用电小果随身WiFi需要先实名认证哦，果妹来教您步骤：\n❶ 下载“天目e生活”APP，可扫描设备背面二维码、在手机应用商店搜索或在应用宝内下载；\n❷ 打开APP后点击【自助服务】绑定设备号；\n❸ 进入【自助服务】点击【实名认证】，按提示完成身份证+人脸识别；\n❹ 认证后连接设备WiFi就能用啦！\n视频教程更直观：http://jdwlwm2m.com/excel/introduceVideo/yemian/channel/usertutorial_app.html （WiFi名称和初始密码在设备背面有标注哦～）\n注：移动人脸识别时，尽量控制在3s内更容易成功，一张身份证可认证多个运营商。\n\n若您用的是联通卡，点击联通的未实名按键后，复制上方号码的iccid，长按下方二维码扫一扫，进入后点右下角卡包添加物联网卡，粘贴iccid，备注姓氏。显示绑卡成功后要10 - 30分钟审核通过哦~有任何问题随时喊果妹呀 (๑＞ڡ＜)☆','dxg_JrPl3QzsRtml2LyolSLtzw',NULL,'7584391311625584640',NULL,NULL,'2025-12-22 09:31:56'),(207,'你好啊','小主~(｡•́︿•̀｡) 您的问题极其罕见，马上为您转接专属客服，请点击链接：👇\nhttps://work.weixin.qq.com/kfid/kfc43d56bc782d8e85a','dxg_JrPl3QzsRtml2LyolSLtzw',NULL,'7584391311625584640',NULL,NULL,'2025-12-22 09:34:20'),(208,'云南可以使用吗？','小主(✧∇✧) 因为运营商规定，新疆、西藏、云南、港澳台、海外是禁区，这些地方都不可以使用。目前云南地区属于运营商根据国安部规定设置的高危管控区域，使用可能会被检测无法使用，云南专用款设备是单移动网络的哦~','dxg_JrPl3QzsRtml2LyolSLtzw',NULL,'7584391311625584640',NULL,NULL,'2025-12-22 10:03:58'),(209,'怎么激活','您好呀~(๑•̀ㅂ•́)و✧您的设备已激活哦~卡状态在线且已实名，剩余流量充足（2964.78G），当前在用中国移动网络信号优~ 若您想使用中国电信网络，可微信搜索“万物互联之电小果”公众号，绑定设备号后完成中国电信网络的实名认证即可切换使用~ 有疑问随时喊小果哦~','dxg_JrPl3QzsRtml2LyolSLtzw',NULL,'7584663950396014618',NULL,NULL,'2025-12-22 10:07:25'),(210,'有人在吗？','小主~遇到什么问题啦~(★ᴗ★)可以把问题和设备号一起发给果妹，果妹帮您看看是什么原因。\n\n果妹先送您一份设备使用指南哦~\n① 电小果信号指示灯必须是【绿色或蓝色】常亮才能正常上网。\n② 如刚交费，必须等待10 - 20分钟关机再开机。\n③ 如换了使用环境，设备可以切换网，可测试下另外一个网。\n④ 快速解决方法：机器中如还有流量可以关机再开机重新注网。\n\n如需专业技术支持，可以回复：专属客服','dxg_JrPl3QzsRtml2LyolSLtzw',NULL,'7584391311625584640',NULL,NULL,'2025-12-22 14:17:04'),(211,'一直显示红灯','您别担心~设备持续红灯可能是缓存堆积影响了网络连接哦😉您可以用卡针长按设备上的RESET小孔10秒左右恢复出厂设置，恢复后关机10分钟再重启，等待2分钟看看指示灯是否恢复正常呀~恢复后WiFi名称会重置为“MIFI-698”，密码是“12345678”，记得重新连接哦~','dxg_iNBTEjf7Q7GRUc0aeO3egQ',NULL,'7585100953574621199',NULL,NULL,'2025-12-22 15:05:50'),(212,'人工客服','好的呢～小主稍等哦(✿◡‿◡)果妹这就帮您联系专属客服为您服务，请点击链接👇\nhttps://work.weixin.qq.com/kfid/kfc43d56bc782d8e85a','dxg_JrPl3QzsRtml2LyolSLtzw',NULL,'7584391311625584640',NULL,NULL,'2025-12-22 16:05:22'),(213,'怎么激活','小主您好呀～激活电小果随身WiFi，需先实名认证，步骤如下：\n1. 下载“天目e生活”APP，可扫描设备背面二维码、在手机应用商店搜索或在应用宝内下载；\n2. 打开APP点击【自助服务】绑定设备号；\n3. 进入【自助服务】点击【实名认证】，按提示完成身份证+人脸识别（移动人脸识别尽量控制在3s内）；\n4. 认证后连接设备WiFi（名称和初始密码在设备背面），此时有体验流量；\n5. 体验流量过期后，进入【充值流量】购买流量套餐。\n\n视频教程：http://jdwlwm2m.com/excel/introduceVideo/yemian/channel/usertutorial_app.html 有问题随时喊果妹哦~','dxg_JrPl3QzsRtml2LyolSLtzw',NULL,'7584391311625584640',NULL,NULL,'2025-12-22 16:10:37'),(214,'怎么实名？','小主您好呀～初次使用电小果随身WiFi需要先实名认证哦~让果妹来教您实名认证的步骤吧！\n\n❶ “天目e生活”APP下载： a.扫描设备背面二维码下载；b.手机应用商店搜索下载；c.手机下载应用宝，在应用宝内进行下载\n❷ 打开APP后点击【自助服务】绑定设备号\n❸ 进入【自助服务】点击【实名认证】，按提示完成身份证+人脸识别\n❹ 认证后连接设备WiFi就能用啦！\n视频教程更直观：http://jdwlwm2m.com/excel/introduceVideo/yemian/channel/usertutorial_app.html\n（WiFi名称和初始密码在设备背面都有标注哦～✨）\n有任何问题随时喊果妹呀 (๑＞ڡ＜)☆\n注：移动人脸识别时，尽量控制在3s内更容易成功哦~一张身份证可以认证多个运营商哦~','dxg_JrPl3QzsRtml2LyolSLtzw',NULL,'7584391311625584640',NULL,NULL,'2025-12-22 17:00:06'),(215,'怎么激活？','小主您好呀～激活电小果随身WiFi需先实名认证，步骤如下：\n❶ 下载“天目e生活”APP，可扫描设备背面二维码、在手机应用商店搜索或在应用宝内下载；\n❷ 打开APP点击【自助服务】绑定设备号；\n❸ 进入【自助服务】点击【实名认证】，按提示完成身份证+人脸识别；\n❹ 认证后连接设备WiFi就能用啦！\n\n视频教程：http://jdwlwm2m.com/excel/introduceVideo/yemian/channel/usertutorial_app.html \n（WiFi名称和初始密码在设备背面标注）\n\n注：移动人脸识别尽量控制在3s内，一张身份证可认证多个运营商。有问题随时喊果妹哦 (๑＞ڡ＜)☆','dxg_JrPl3QzsRtml2LyolSLtzw',NULL,'7584391311625584640',NULL,NULL,'2025-12-22 17:02:44'),(216,'有人吗？','小主~(｡•́︿•̀｡) 您的问题极其罕见，马上为您转接专属客服，请点击链接：👇\nhttps://work.weixin.qq.com/kfid/kfc43d56bc782d8e85a','dxg_JrPl3QzsRtml2LyolSLtzw',NULL,'7584391311625584640',NULL,NULL,'2025-12-23 09:03:36'),(217,'西藏可以用吗？','您好 ~ (✧∇✧) 因为运营商规定，西藏是禁区，不可以使用哦~ 如果您的设备在西藏开机使用过，需要转接专属客服进行处理 ~ 请点击添加客服：👇<a href=\"https://1.tgsu.cn/ow8EAp\">👉 添加客服</a>','dxg_JrPl3QzsRtml2LyolSLtzw',NULL,'7584663950396014618',NULL,NULL,'2025-12-23 09:04:19'),(218,'网络卡顿','您别着急~设备当前信号强度优但网络卡顿，可能是中国移动网络临时负载较高哦😉您可以打开微信搜索“万物互联之电小果”公众号，进入“自助交费”页面，找到“切换运营商”选项，选择切换到中国电信网络（空闲状态），保存后重启设备等待2分钟，看看网络是否恢复流畅呀~另外，恢复出厂后WiFi名称为“MIFI-698”，密码“12345678”，记得确认连接正确哦~','dxg_iNBTEjf7Q7GRUc0aeO3egQ',NULL,'7585100953574621199',NULL,NULL,'2025-12-23 09:06:50'),(219,'怎么实名','小主您好呀~不同运营商实名方式不同哦。若您移动已实名，电信实名不受手机号运营商与归属人影响，也无需重新缴费，按实名步骤完成就行啦。联通实名认证步骤如下：\n①点击联通的未实名按键后会跳转到一个上面是号码下面是二维码的页面；\n②复制上方号码的iccid；\n③长按下方二维码进行扫一扫；\n④进入后点右下角卡包进行添加物联网卡；\n⑤把复制来的iccid粘贴到第一栏，第二栏备注您的姓氏。\n显示绑卡成功后要10 - 30分钟审核通过，需耐心等待哦~','dxg_JrPl3QzsRtml2LyolSLtzw',NULL,'7584391311625584640',NULL,NULL,'2025-12-23 09:25:39'),(220,'_你好 啊_','您好呀~我是电小果智能助手小果😉！看到您的设备当前剩余流量充足（2961.00G），余额0元不影响使用哦~您之前反馈的网络问题解决了吗？还是有其他疑问呀？随时告诉我哦~','dxg_iNBTEjf7Q7GRUc0aeO3egQ',NULL,'7585100953574621199',NULL,NULL,'2025-12-23 09:48:51'),(221,'人工客服','非常理解您的困扰😔，小果这就帮您转接人工客服处理~您可以点击链接联系人工：https://work.weixin.qq.com/kfid/kfc43d56bc782d8e85a','dxg_iNBTEjf7Q7GRUc0aeO3egQ',NULL,'7585100953574621199',NULL,NULL,'2025-12-23 09:49:46'),(222,'你好啊','小主 ~ 遇到什么问题啦 ~ \n(★ᴗ★)可以把问题和设备号一起发给果妹，果妹帮小主看下是什么原因\n\n果妹先送小主一份设备使用指南哦 ~ \n① 电小果信号指示灯必须是【绿色或蓝色】常亮才能正常上网呢 ~\n② 如刚交费 ~ 必须等待10 - 20分钟关机再开机一下哦 ~\n③ 【如换了使用环境】设备可以切换网的 ~ 可以测试下另外一个网呢 ~\n④ 快速解决方法：机器中如还有流量可以关机再开机一下重新注网哦 ~\n如需专业技术支持，可以回复：专属客服','dxg_iNBTEjf7Q7GRUc0aeO3egQ',NULL,'7586873199389638675',NULL,NULL,'2025-12-23 10:23:25'),(1424,'转人工','小主~(｡•́︿•̀｡) 您的问题极其罕见，马上为您转接专属客服，请点击链接：👇\nhttps://work.weixin.qq.com/kfid/kfc43d56bc782d8e85a','dxg_JrPl3QzsRtml2LyolSLtzw',NULL,'7584391311625584640',NULL,NULL,'2025-12-23 14:23:26'),(1425,'你好','小主~(｡•́︿•̀｡) 您的问题极其罕见，马上为您转接专属客服，请点击链接：👇\nhttps://work.weixin.qq.com/kfid/kfc43d56bc782d8e85a','dxg_JrPl3QzsRtml2LyolSLtzw',NULL,'7584391311625584640',NULL,NULL,'2025-12-23 14:23:37'),(1426,'怎么激活','小主您好呀～初次使用电小果随身WiFi需要先实名认证来激活哦，步骤如下：\n1. “天目e生活”APP下载：可扫描设备背面二维码下载，或在手机应用商店搜索下载，也可在手机下载应用宝后在应用宝内进行下载；\n2. 打开APP点击【自助服务】绑定设备号；\n3. 进入【自助服务】点击【实名认证】，按提示完成身份证+人脸识别；\n4. 认证后连接设备WiFi就能用啦，实名认证结束后有体验流量可以使用；\n5. 当体验流量过期后，需进入【充值流量】购买流量套餐才可使用。\n\n视频教程更直观：http://jdwlwm2m.com/excel/introduceVideo/yemian/channel/usertutorial_app.html 。WiFi名称和初始密码在设备背面有标注哦～注：移动人脸识别时，尽量控制在3s内更容易成功，一张身份证可认证多个运营商。有任何问题随时喊果妹呀 (๑＞ڡ＜)☆','dxg_JrPl3QzsRtml2LyolSLtzw',NULL,'7584391311625584640',NULL,NULL,'2025-12-23 14:24:27'),(1427,'？？？','小主~(｡•́︿•̀｡) 您的问题极其罕见，马上为您转接专属客服，请点击链接：👇\nhttps://work.weixin.qq.com/kfid/kfc43d56bc782d8e85a','dxg_JrPl3QzsRtml2LyolSLtzw',NULL,'7584391311625584640',NULL,NULL,'2025-12-23 14:27:26'),(1428,'云南可以使用吗？','小主(✧∇✧) 因为运营商规定，新疆、西藏、云南、港澳台、海外是禁区，这些地方都不可以使用。目前云南地区属于运营商根据国安部规定设置的高危管控区域，使用可能会被检测无法使用，云南专用款设备是单移动网络的哦~','dxg_JrPl3QzsRtml2LyolSLtzw',NULL,'7584391311625584640',NULL,NULL,'2025-12-23 14:28:07'),(1429,'怎么实名？','小主您好呀～初次使用电小果随身WiFi需要先实名认证，步骤如下：\n❶ 下载“天目e生活”APP，可扫描设备背面二维码、在手机应用商店搜索或在应用宝内下载；\n❷ 打开APP点击【自助服务】绑定设备号；\n❸ 进入【自助服务】点击【实名认证】，按提示完成身份证+人脸识别；\n❹ 认证后连接设备WiFi就能用啦！\n\n视频教程更直观：[点击查看](http://jdwlwm2m.com/excel/introduceVideo/yemian/channel/usertutorial_app.html)\n（WiFi名称和初始密码在设备背面标注哦）\n\n注：移动人脸识别尽量控制在3s内，一张身份证可认证多个运营商。有问题随时喊果妹呀 (๑＞ڡ＜)☆','dxg_JrPl3QzsRtml2LyolSLtzw',NULL,'7584391311625584640',NULL,NULL,'2025-12-23 14:28:44'),(1430,'？？？？有人吗','小主~(｡•́︿•̀｡) 您的问题极其罕见，马上为您转接专属客服，请点击链接：👇\nhttps://work.weixin.qq.com/kfid/kfc43d56bc782d8e85a','dxg_JrPl3QzsRtml2LyolSLtzw',NULL,'7584391311625584640',NULL,NULL,'2025-12-23 14:35:04'),(1431,'？？？','小主~(｡•́︿•̀｡) 您的问题极其罕见，马上为您转接专属客服，请点击链接：👇\nhttps://work.weixin.qq.com/kfid/kfc43d56bc782d8e85a','dxg_JrPl3QzsRtml2LyolSLtzw',NULL,'7584391311625584640',NULL,NULL,'2025-12-23 14:35:14'),(1432,'怎么实名','小主您好呀～初次使用电小果随身WiFi需要先实名认证哦~让果妹来教您实名认证的步骤吧！\n\n❶ “天目e生活”APP下载： a.扫描设备背面二维码下载；b.手机应用商店搜索下载；c.手机下载应用宝，在应用宝内进行下载\n❷ 打开APP后点击【自助服务】绑定设备号\n❸ 进入【自助服务】点击【实名认证】，按提示完成身份证+人脸识别\n❹ 认证后连接设备WiFi就能用啦！\n视频教程更直观：http://jdwlwm2m.com/excel/introduceVideo/yemian/channel/usertutorial_app.html\n（WiFi名称和初始密码在设备背面都有标注哦～✨）\n有任何问题随时喊果妹呀 (๑＞ڡ＜)☆\n注：移动人脸识别时，尽量控制在3s内更容易成功哦~一张身份证可以认证多个运营商哦~','dxg_JrPl3QzsRtml2LyolSLtzw',NULL,'7584391311625584640',NULL,NULL,'2025-12-23 14:55:36'),(1433,'云南可以使用吗？','小主(✧∇✧)，因为运营商规定，新疆、西藏、云南、港澳台、海外是禁区，这些地方都不可以使用。目前云南地区属于运营商根据国安部规定设置的高危管控区域，使用可能会被检测无法使用，云南专用款设备是单移动网络的哦~','dxg_JrPl3QzsRtml2LyolSLtzw',NULL,'7584391311625584640',NULL,NULL,'2025-12-23 15:03:21'),(1434,'喀什可以用吗？','小主~(｡•́︿•̀｡) 您的问题极其罕见，马上为您转接专属客服，请点击链接：👇\nhttps://work.weixin.qq.com/kfid/kfc43d56bc782d8e85a','dxg_JrPl3QzsRtml2LyolSLtzw',NULL,'7584391311625584640',NULL,NULL,'2025-12-23 15:07:51'),(1435,'怎么激活？','您好呀~(๑•̀ㅂ•́)و✧您的设备已激活哦~卡状态在线且已实名，剩余流量充足（2959.53G），当前在用中国移动网络信号优~ 若您想使用中国电信网络，可微信搜索“万物互联之电小果”公众号，绑定设备号后完成中国电信网络的实名认证即可切换使用~ 有疑问随时喊小果哦~','dxg_JrPl3QzsRtml2LyolSLtzw',NULL,'7584663950396014618',NULL,NULL,'2025-12-23 15:08:37'),(1436,'怎么实名','小主您好呀～初次使用电小果随身WiFi需要先实名认证哦~让果妹来教您实名认证的步骤吧！\n\n❶ “天目e生活”APP下载： a.扫描设备背面二维码下载；b.手机应用商店搜索下载；c.手机下载应用宝，在应用宝内进行下载\n❷ 打开APP后点击【自助服务】绑定设备号\n❸ 进入【自助服务】点击【实名认证】，按提示完成身份证+人脸识别\n❹ 认证后连接设备WiFi就能用啦！\n视频教程更直观：http://jdwlwm2m.com/excel/introduceVideo/yemian/channel/usertutorial_app.html\n（WiFi名称和初始密码在设备背面都有标注哦～✨）\n有任何问题随时喊果妹呀 (๑＞ڡ＜)☆\n注：移动人脸识别时，尽量控制在3s内更容易成功哦~一张身份证可以认证多个运营商哦~','dxg_JrPl3QzsRtml2LyolSLtzw',NULL,'7584391311625584640',NULL,NULL,'2025-12-23 15:41:29'),(1437,'怎么激活','小主您好呀～激活电小果随身WiFi，需先实名认证，步骤如下：\n❶ 下载“天目e生活”APP，可扫描设备背面二维码、在手机应用商店搜索或在应用宝内下载；\n❷ 打开APP点击【自助服务】绑定设备号；\n❸ 进入【自助服务】点击【实名认证】，按提示完成身份证+人脸识别；\n❹ 认证后连接设备WiFi就能用啦！\n\n视频教程：http://jdwlwm2m.com/excel/introduceVideo/yemian/channel/usertutorial_app.html \n（WiFi名称和初始密码在设备背面标注）\n\n注：移动人脸识别尽量控制在3s内，一张身份证可认证多个运营商。有问题随时喊果妹呀 (๑＞ڡ＜)☆','dxg_JrPl3QzsRtml2LyolSLtzw',NULL,'7584391311625584640',NULL,NULL,'2025-12-23 15:57:44'),(1438,'你好','小主~(｡•́︿•̀｡) 您的问题极其罕见，马上为您转接专属客服，请点击链接：👇\nhttps://work.weixin.qq.com/kfid/kfc43d56bc782d8e85a','dxg_JrPl3QzsRtml2LyolSLtzw',NULL,'7584391311625584640',NULL,NULL,'2025-12-23 16:24:32'),(1439,'怎么实名','您好呀~(๑•̀ㅂ•́)و✧您的设备中国移动网络已实名，中国电信网络还未实名哦~ 您可以微信搜索“万物互联之电小果”公众号，点击底部“自助交费”绑定设备号5GC082634698后，找到“实名认证”选项，选择中国电信网络，按提示完成身份证+人脸识别认证就好啦~ 有疑问随时喊小果哦~','dxg_JrPl3QzsRtml2LyolSLtzw',NULL,'7584663950396014618',NULL,NULL,'2025-12-23 16:26:01'),(1440,'转人工','小主~(｡•́︿•̀｡) 您的问题极其罕见，马上为您转接专属客服，请点击链接：👇\nhttps://work.weixin.qq.com/kfid/kfc43d56bc782d8e85a','dxg_JrPl3QzsRtml2LyolSLtzw',NULL,'7584391311625584640',NULL,NULL,'2025-12-23 17:51:05'),(1441,'卡的要死啊','您好 ~ (｡•́︿•̀｡) 您的问题极其罕见，马上为您转接专属客服 ~ 请点击添加客服：👇<a href=\"https://1.tgsu.cn/ow8EAp\">👉 添加客服</a>','dxg_JrPl3QzsRtml2LyolSLtzw',NULL,'7584663950396014618',NULL,NULL,'2025-12-23 17:51:22'),(1442,'一直显示红灯','小主~(｡•́︿•̀｡) 您的问题极其罕见，马上为您转接专属客服，请点击链接：👇\nhttps://work.weixin.qq.com/kfid/kfc43d56bc782d8e85a','dxg_JrPl3QzsRtml2LyolSLtzw',NULL,'7584391311625584640',NULL,NULL,'2025-12-24 08:54:28');
/*!40000 ALTER TABLE `message_record` ENABLE KEYS */;
UNLOCK TABLES;

--
-- Table structure for table `user`
--

DROP TABLE IF EXISTS `user`;
/*!40101 SET @saved_cs_client     = @@character_set_client */;
/*!50503 SET character_set_client = utf8mb4 */;
CREATE TABLE `user` (
  `user_id` varchar(64) COLLATE utf8mb4_unicode_ci NOT NULL COMMENT '系统内部用户ID',
  `wechat_external_userid` varchar(64) COLLATE utf8mb4_unicode_ci DEFAULT NULL COMMENT '企微外部联系人ID',
  `wechat_openid` varchar(64) COLLATE utf8mb4_unicode_ci DEFAULT NULL COMMENT '其他扩展渠道ID',
  `created_at` datetime DEFAULT CURRENT_TIMESTAMP COMMENT '注册时间',
  `comments` varchar(64) COLLATE utf8mb4_unicode_ci DEFAULT NULL COMMENT '备注',
  PRIMARY KEY (`user_id`),
  UNIQUE KEY `user_wechat_external_userid_uindex` (`wechat_external_userid`),
  UNIQUE KEY `user_wechat_openid_uindex` (`wechat_openid`)
) ENGINE=InnoDB DEFAULT CHARSET=utf8mb4 COLLATE=utf8mb4_unicode_ci;
/*!40101 SET character_set_client = @saved_cs_client */;

--
-- Dumping data for table `user`
--

LOCK TABLES `user` WRITE;
/*!40000 ALTER TABLE `user` DISABLE KEYS */;
INSERT INTO `user` VALUES ('dxg_iNBTEjf7Q7GRUc0aeO3egQ','web_ui_user',NULL,'2025-12-19 09:34:34',NULL),('dxg_JrPl3QzsRtml2LyolSLtzw','wmx_nIaAAA7wNZhwlhRddYqmkuul8mDw',NULL,'2025-12-19 09:28:15',NULL),('dxg_TzDMsCe7TgGDnGxXIhMD_w','wmx_nIaAAAqpOLcmjZ7wu7XVUNl-5-9Q',NULL,'2025-12-19 11:15:25',NULL);
/*!40000 ALTER TABLE `user` ENABLE KEYS */;
UNLOCK TABLES;
/*!40103 SET TIME_ZONE=@OLD_TIME_ZONE */;

/*!40101 SET SQL_MODE=@OLD_SQL_MODE */;
/*!40014 SET FOREIGN_KEY_CHECKS=@OLD_FOREIGN_KEY_CHECKS */;
/*!40014 SET UNIQUE_CHECKS=@OLD_UNIQUE_CHECKS */;
/*!40101 SET CHARACTER_SET_CLIENT=@OLD_CHARACTER_SET_CLIENT */;
/*!40101 SET CHARACTER_SET_RESULTS=@OLD_CHARACTER_SET_RESULTS */;
/*!40101 SET COLLATION_CONNECTION=@OLD_COLLATION_CONNECTION */;
/*!40111 SET SQL_NOTES=@OLD_SQL_NOTES */;

-- Dump completed on 2025-12-25  9:55:33
